transaction_id,sale_date,sale_time,customer_id,gender,age,category,quantity,price_per_unit,cogs,Total_sales
T00001,2025-08-01,4:41:00 AM,C5852,Male,32,Sports,5,296.52,792.26,1482.6
T00002,2025-03-03,8:05:00 PM,C5365,Male,52,Electronics,6,157.96,692.63,947.76
T00003,2025-01-17,6:39:00 AM,C4253,Female,65,Clothing,2,418.86,572.01,837.72
T00004,2025-05-18,2:18:00 AM,C1831,Male,49,Beauty,6,142.11,733.1,852.66
T00005,2025-07-25,10:48:00 PM,C2588,Male,56,Sports,1,31.43,26.42,31.43
T00006,2025-04-29,2:38:00 AM,C8294,Female,20,Toys,7,358.71,1906.09,2510.97
T00007,2025-08-15,11:57:00 PM,C2586,Female,34,Sports,4,185.59,640.15,742.36
T00008,2025-01-01,7:29:00 AM,C5700,Female,47,Grocery,2,162.95,229.35,325.9
T00009,2025-02-07,12:24:00 PM,C3785,Male,18,Grocery,2,52.34,86.42,104.68
T00010,2025-08-07,8:54:00 AM,C6892,Male,30,Toys,9,46.39,299.23,417.51
T00011,2025-12-28,3:05:00 AM,C6969,Male,25,Sports,4,305.67,652.64,1222.68
T00012,2025-11-29,4:31:00 AM,C6739,Female,57,Electronics,5,405.02,1623.2,2025.1
T00013,2025-01-11,6:00:00 PM,C6342,Male,47,Sports,2,258.22,366.57,516.44
T00014,2025-07-28,2:09:00 PM,C4117,Male,31,Sports,2,144.79,179.27,289.58
T00015,2025-06-10,6:41:00 PM,C9428,Male,65,Home,1,360.62,222.97,360.62
T00016,2025-04-25,12:45:00 AM,C4706,Female,27,Books,8,239.69,1665.68,1917.52
T00017,2025-09-11,8:19:00 AM,C5293,Female,21,Grocery,1,321.36,171.77,321.36
T00018,2025-02-01,11:23:00 AM,C6910,Female,60,Toys,1,226.11,166.52,226.11
T00019,2025-07-11,5:01:00 AM,C1778,Male,31,Clothing,5,192.38,735.82,961.9
T00020,2025-04-05,12:11:00 AM,C1116,Male,65,Electronics,6,289.95,960.52,1739.7
T00021,2025-10-27,12:29:00 PM,C3767,Female,35,Grocery,7,350.47,2172.45,2453.29
T00022,2025-05-20,7:08:00 PM,C3526,Male,51,Clothing,5,280.15,928.73,1400.75
T00023,2025-02-28,6:26:00 AM,C4461,Male,50,Toys,8,253.91,1493.39,2031.28
T00024,2025-11-05,11:46:00 AM,C5353,Male,44,Books,2,31.86,43.39,63.72
T00025,2025-11-18,11:32:00 AM,C5654,Male,20,Electronics,10,255.05,1446.46,2550.5
T00026,2025-03-06,4:53:00 AM,C6232,Male,34,Sports,4,260.13,808.48,1040.52
T00027,2025-08-28,12:32:00 AM,C6515,Female,47,Sports,10,486.15,2432.2,4861.5
T00028,2025-08-07,12:01:00 PM,C5576,Female,56,Sports,9,290.85,1560.98,2617.65
T00029,2025-02-21,3:46:00 PM,C1797,Male,36,Toys,3,448.21,1118.42,1344.63
T00030,2025-03-12,10:50:00 PM,C2233,Female,49,Sports,6,61.66,328.93,369.96
T00031,2025-09-11,4:27:00 PM,C4318,Male,20,Home,4,353.46,886.55,1413.84
T00032,2025-02-24,11:54:00 PM,C6355,Male,59,Books,6,175.27,679.32,1051.62
T00033,2025-09-17,5:01:00 AM,C3888,Male,61,Books,2,232.63,330.51,465.26
T00034,2025-05-05,10:52:00 PM,C4838,Female,46,Electronics,6,435.18,2058.5,2611.08
T00035,2025-04-19,9:55:00 AM,C9612,Female,20,Electronics,8,372.97,1536.49,2983.76
T00036,2025-06-26,5:49:00 AM,C7824,Female,28,Grocery,2,64.43,110.04,128.86
T00037,2025-06-14,7:06:00 AM,C5015,Female,48,Home,3,491.21,1196.54,1473.63
T00038,2025-10-27,5:17:00 PM,C8921,Male,43,Electronics,2,121.06,193.87,242.12
T00039,2025-11-24,8:33:00 PM,C8180,Male,42,Toys,4,289.13,822.52,1156.52
T00040,2025-10-14,9:40:00 AM,C4881,Male,62,Sports,7,109.18,393.99,764.26
T00041,2025-09-13,12:11:00 PM,C8255,Female,30,Books,10,482.62,3822.72,4826.2
T00042,2025-06-12,3:07:00 PM,C1273,Female,44,Beauty,1,235.89,178.11,235.89
T00043,2025-05-19,9:57:00 PM,C3192,Female,53,Books,10,99.33,658.49,993.3
T00044,2025-04-10,7:09:00 PM,C2596,Male,35,Sports,4,411.08,900.7,1644.32
T00045,2025-03-05,8:37:00 AM,C9103,Female,33,Grocery,3,310.85,704.72,932.55
T00046,2025-12-04,10:55:00 PM,C2675,Female,47,Sports,1,220.48,183.25,220.48
T00047,2025-11-22,9:32:00 PM,C8884,Male,56,Clothing,8,471.31,2170.12,3770.48
T00048,2025-07-14,7:10:00 PM,C1078,Female,23,Sports,5,331.61,1075.1,1658.05
T00049,2025-09-16,7:25:00 AM,C3424,Female,28,Home,5,411.7,1478.74,2058.5
T00050,2025-10-27,7:14:00 AM,C3966,Male,44,Toys,10,30.2,204.69,302
T00051,2025-10-01,7:13:00 PM,C4605,Female,38,Beauty,2,201.11,282.37,402.22
T00052,2025-08-03,12:00:00 AM,C3075,Male,28,Sports,7,121.93,493.84,853.51
T00053,2025-08-12,4:44:00 PM,C5837,Male,20,Electronics,7,113.02,524.35,791.14
T00054,2025-09-02,4:37:00 AM,C6606,Male,45,Beauty,1,305.99,174.16,305.99
T00055,2025-09-08,3:20:00 AM,C7835,Female,58,Sports,1,298.19,151.64,298.19
T00056,2025-04-18,12:12:00 PM,C2936,Male,45,Sports,7,27.4,98.58,191.8
T00057,2025-08-16,7:32:00 AM,C4563,Male,35,Beauty,3,56.93,115.63,170.79
T00058,2025-12-11,3:02:00 PM,C1551,Female,30,Beauty,8,42.55,294.85,340.4
T00059,2025-11-08,10:30:00 PM,C9386,Male,58,Toys,6,60.4,218.73,362.4
T00060,2025-06-07,3:31:00 AM,C6274,Male,48,Sports,2,473.14,525.22,946.28
T00061,2025-12-21,4:40:00 PM,C9994,Male,55,Toys,10,33.65,187.86,336.5
T00062,2025-03-02,4:00:00 AM,C8386,Male,58,Sports,6,210.36,1028.74,1262.16
T00063,2025-09-03,12:11:00 PM,C1692,Female,65,Electronics,7,473.71,2048.5,3315.97
T00064,2025-05-22,10:16:00 PM,C7523,Male,18,,,9.86,,0
T00065,2025-02-10,6:58:00 PM,C8289,Male,61,Books,5,71.17,229.73,355.85
T00066,2025-05-17,8:06:00 PM,C7318,Female,65,Grocery,3,172.62,417.08,517.86
T00067,2025-10-01,3:50:00 AM,C7991,Male,31,Books,8,16.49,88.48,131.92
T00068,2025-04-08,5:52:00 PM,C1028,Female,31,Beauty,4,371.69,1068.09,1486.76
T00069,2025-04-17,6:18:00 AM,C1641,Female,26,Home,1,26.89,22.35,26.89
T00070,2025-09-19,3:11:00 AM,C5959,Female,60,Clothing,8,84.45,355.09,675.6
T00071,2025-10-24,12:14:00 PM,C3422,Female,46,Grocery,2,78.52,114.54,157.04
T00072,2025-02-26,12:22:00 AM,C2244,Male,28,Clothing,6,66.01,217.94,396.06
T00073,2025-04-16,9:51:00 AM,C8537,Male,40,Electronics,10,85.18,765.07,851.8
T00074,2025-05-17,8:37:00 PM,C8638,Female,41,Sports,7,67.29,325.9,471.03
T00075,2025-12-29,9:08:00 AM,C2221,Male,65,Sports,8,327.2,2241.08,2617.6
T00076,2025-03-30,4:47:00 PM,C9357,Female,48,Electronics,2,345.58,443.42,691.16
T00077,2025-07-18,3:45:00 PM,C4783,Female,35,Home,10,346.98,1832.67,3469.8
T00078,2025-08-05,12:51:00 PM,C8205,Male,28,Beauty,3,122.32,231.7,366.96
T00079,2025-06-24,7:47:00 PM,C8669,Male,18,Beauty,6,317.66,1273.1,1905.96
T00080,2025-08-28,10:53:00 PM,C7272,Male,45,Clothing,6,85.47,422.36,512.82
T00081,2025-12-31,12:59:00 PM,C6521,Male,21,Sports,2,443.79,544.57,887.58
T00082,2025-12-06,3:40:00 AM,C1343,Female,63,Sports,7,199.79,1025.64,1398.53
T00083,2025-07-10,12:32:00 PM,C3404,Female,58,Clothing,9,320.43,1962.45,2883.87
T00084,2025-04-17,3:54:00 PM,C3901,Female,56,Beauty,8,359.41,2336.95,2875.28
T00085,2025-11-02,4:03:00 AM,C6642,Female,47,Toys,10,35.77,195.32,357.7
T00086,2025-04-16,2:27:00 AM,C7322,Female,56,Toys,7,434.23,1881.63,3039.61
T00087,2025-04-06,11:01:00 PM,C5309,Male,49,Books,8,52.76,221.59,422.08
T00088,2025-04-27,12:42:00 PM,C1674,Male,59,Toys,6,116.65,472.25,699.9
T00089,2025-06-07,2:57:00 AM,C5985,Male,58,Toys,2,82.99,133.81,165.98
T00090,2025-12-05,12:21:00 AM,C4165,Female,59,Clothing,6,282.01,1158.26,1692.06
T00091,2025-06-22,11:07:00 PM,C1956,Female,30,Beauty,2,457.03,755.31,914.06
T00092,2025-04-15,5:06:00 AM,C1135,Male,54,Toys,10,273.43,1407.61,2734.3
T00093,2025-06-27,10:38:00 PM,C6115,Male,33,Sports,8,385.77,2613.91,3086.16
T00094,2025-05-02,10:35:00 AM,C2869,Female,45,Home,10,159.71,1387.18,1597.1
T00095,2025-12-05,8:56:00 AM,C9473,Male,46,Sports,9,175.2,1257.25,1576.8
T00096,2025-07-02,3:15:00 PM,C5509,Male,53,Books,6,84.88,272.22,509.28
T00097,2025-06-25,2:08:00 PM,C7682,Male,56,Books,1,240.57,162.69,240.57
T00098,2025-03-26,9:11:00 PM,C6546,Female,59,Home,10,301.31,2076.6,3013.1
T00099,2025-07-21,6:01:00 AM,C4222,Female,62,Home,4,482.77,1527.69,1931.08
T00100,2025-01-07,8:30:00 AM,C3588,Male,49,Toys,8,118.94,576.86,951.52
T00101,2025-12-05,10:23:00 PM,C6123,Male,57,Beauty,6,6.32,19.68,37.92
T00102,2025-06-18,12:03:00 AM,C5997,Female,50,Home,7,166.47,935.47,1165.29
T00103,2025-05-04,7:07:00 PM,C4147,Female,42,Books,10,443.61,3107.72,4436.1
T00104,2025-09-02,9:58:00 AM,C1172,Male,54,Toys,7,105.18,535.11,736.26
T00105,2025-10-28,9:10:00 PM,C3716,Female,51,Grocery,3,285.48,765.31,856.44
T00106,2025-06-08,5:19:00 AM,C7354,Female,58,Clothing,4,141.08,309.95,564.32
T00107,2025-04-29,11:26:00 PM,C3022,Male,56,Electronics,8,481.22,2526.46,3849.76
T00108,2025-05-30,9:51:00 AM,C9259,Female,54,Home,8,331.54,2251.94,2652.32
T00109,2025-04-06,1:50:00 AM,C1362,Female,54,Electronics,9,140.44,716.67,1263.96
T00110,2025-01-17,5:10:00 AM,C5422,Male,43,Sports,5,487.93,1263.6,2439.65
T00111,2025-11-08,5:46:00 PM,C7421,Male,33,Books,6,320.9,1160.38,1925.4
T00112,2025-03-18,8:32:00 AM,C4063,Female,36,Electronics,3,294.89,447.88,884.67
T00113,2025-01-25,5:33:00 AM,C7724,Female,38,Beauty,9,177.01,1354.84,1593.09
T00114,2025-05-09,7:11:00 PM,C2248,Male,18,Books,5,311.69,1363.55,1558.45
T00115,2025-10-28,10:52:00 AM,C6946,Male,57,Grocery,5,86.98,285.72,434.9
T00116,2025-01-01,2:29:00 PM,C1264,Female,53,Home,9,360.38,2486.9,3243.42
T00117,2025-11-18,1:19:00 AM,C3256,Female,28,Clothing,2,340.03,400.46,680.06
T00118,2025-09-30,12:45:00 PM,C6037,Female,33,Electronics,1,367.79,299.23,367.79
T00119,2025-03-28,12:13:00 AM,C8666,Female,21,Sports,1,19.11,16.11,19.11
T00120,2025-09-15,2:14:00 PM,C5069,Male,38,Books,2,339.05,482.13,678.1
T00121,2025-08-09,8:27:00 AM,C7408,Male,57,Books,10,215.98,1341.75,2159.8
T00122,2025-04-16,7:29:00 AM,C2571,Male,20,Grocery,7,146.86,748.65,1028.02
T00123,2025-10-31,5:04:00 PM,C7018,Female,37,Grocery,1,310.79,222.12,310.79
T00124,2025-04-11,8:04:00 PM,C3825,Male,59,Books,3,484.8,1072.06,1454.4
T00125,2025-12-22,4:33:00 AM,C2603,Female,52,Beauty,5,75.18,256.96,375.9
T00126,2025-08-12,10:41:00 PM,C8090,Female,53,Home,2,283.27,339.91,566.54
T00127,2025-11-26,12:42:00 AM,C2555,Female,44,Books,1,458.63,369.8,458.63
T00128,2025-11-19,8:15:00 PM,C3966,Female,54,Books,10,271.81,1904.95,2718.1
T00129,2025-08-25,5:14:00 PM,C4826,Male,32,Electronics,8,163.31,1017.98,1306.48
T00130,2025-04-24,4:43:00 AM,C5493,Male,32,Toys,7,33.35,151.7,233.45
T00131,2025-06-27,8:19:00 AM,C9973,Male,54,Grocery,4,210.82,583.6,843.28
T00132,2025-06-01,11:56:00 PM,C7844,Female,43,Sports,9,438.57,2068.98,3947.13
T00133,2025-02-12,9:03:00 PM,C2135,Female,64,Toys,3,487.03,954.49,1461.09
T00134,2025-02-18,10:52:00 AM,C7987,Male,48,Toys,1,205.43,107.13,205.43
T00135,2025-11-27,2:34:00 AM,C1465,Female,22,Beauty,5,277.89,989.9,1389.45
T00136,2025-05-24,5:07:00 AM,C9395,Female,25,Beauty,6,310.79,1399.05,1864.74
T00137,2025-01-13,2:47:00 PM,C2287,Female,55,Toys,6,278.31,1010.94,1669.86
T00138,2025-06-18,4:10:00 PM,C6616,Male,27,Clothing,1,47.21,32.06,47.21
T00139,2025-12-26,9:27:00 AM,C1493,Female,18,Electronics,1,75.31,51.24,75.31
T00140,2025-04-22,4:17:00 AM,C9048,Female,36,Books,6,132.07,460.31,792.42
T00141,2025-11-10,5:39:00 AM,C2083,Male,33,Home,6,271.65,942.02,1629.9
T00142,2025-05-10,12:06:00 PM,C8096,Male,60,Toys,6,31.71,100.34,190.26
T00143,2025-10-25,7:20:00 AM,C8303,Male,43,Clothing,10,434.75,2714.26,4347.5
T00144,2025-03-02,5:32:00 AM,C9916,Male,57,Home,1,415.35,308.59,415.35
T00145,2025-03-29,1:10:00 AM,C5214,Female,20,Sports,7,197.54,907.34,1382.78
T00146,2025-06-25,4:07:00 PM,C5623,Female,29,Electronics,1,166.95,139.64,166.95
T00147,2025-01-04,1:06:00 AM,C4859,Male,32,Books,3,497.5,1236.15,1492.5
T00148,2025-08-24,3:00:00 AM,C2741,Female,51,Home,1,335.33,221.49,335.33
T00149,2025-05-03,4:43:00 PM,C3192,Male,19,Beauty,8,6.28,31.43,50.24
T00150,2025-05-07,10:23:00 PM,C7447,Female,57,Toys,2,468.94,551.95,937.88
T00151,2025-06-09,11:11:00 AM,C6883,Female,36,Beauty,5,222.39,708.38,1111.95
T00152,2025-01-06,1:07:00 AM,C3442,Male,34,Home,6,251.04,951.56,1506.24
T00153,2025-10-28,3:25:00 PM,C8731,Female,24,Sports,1,301.89,212.54,301.89
T00154,2025-02-25,6:10:00 AM,C9872,Female,45,Grocery,8,245.63,1333.16,1965.04
T00155,2025-07-18,7:23:00 PM,C3329,Male,25,Beauty,10,212.62,1880.4,2126.2
T00156,2025-12-30,5:02:00 PM,C9441,Female,20,Clothing,3,206.45,321.43,619.35
T00157,2025-11-18,8:47:00 AM,C2904,Male,48,Books,6,118.97,503.4,713.82
T00158,2025-06-18,7:38:00 AM,C2260,Female,42,Sports,6,277.72,1423.66,1666.32
T00159,2025-04-12,5:11:00 AM,C6998,Female,21,Clothing,3,391.54,767.15,1174.62
T00160,2025-01-04,1:45:00 AM,C1800,Female,18,Clothing,10,168.44,1240.54,1684.4
T00161,2025-11-10,12:08:00 AM,C9654,Female,30,Toys,7,121.93,699.42,853.51
T00162,2025-09-25,6:53:00 PM,C9817,Male,61,Grocery,9,353.48,2646.3,3181.32
T00163,2025-05-03,5:12:00 AM,C6905,Male,38,Beauty,5,336.38,926.32,1681.9
T00164,2025-10-15,2:32:00 PM,C2788,Female,26,Grocery,9,289.24,1879.29,2603.16
T00165,2025-11-11,1:50:00 AM,C1201,Male,53,Books,4,436.8,1221.62,1747.2
T00166,2025-01-30,3:14:00 AM,C5823,Female,40,Grocery,7,279.41,1422.41,1955.87
T00167,2025-05-21,6:08:00 PM,C5393,Male,40,Clothing,4,251.52,582.88,1006.08
T00168,2025-10-11,12:37:00 AM,C2975,Male,26,Toys,4,54.11,130.71,216.44
T00169,2025-03-05,11:44:00 AM,C6735,Male,27,Electronics,4,254.2,665.56,1016.8
T00170,2025-08-28,7:07:00 PM,C2204,Male,54,Toys,6,433.71,1714.17,2602.26
T00171,2025-03-04,2:30:00 PM,C6135,Female,38,Home,1,421.38,215.08,421.38
T00172,2025-09-10,4:48:00 AM,C2585,Male,51,Books,3,47.14,92.23,141.42
T00173,2025-04-21,12:44:00 PM,C9692,Male,29,Electronics,9,89.2,697.32,802.8
T00174,2025-02-18,3:05:00 AM,C7302,Male,46,Sports,6,455.19,1817.27,2731.14
T00175,2025-10-10,11:17:00 PM,C8753,Female,61,Grocery,8,381.09,2536.13,3048.72
T00176,2025-09-24,12:56:00 AM,C8749,Male,64,Clothing,10,87.38,624.16,873.8
T00177,2025-02-10,10:43:00 AM,C3277,Female,52,Sports,7,348.21,1654.68,2437.47
T00178,2025-05-17,11:59:00 PM,C8488,Male,61,Sports,3,115.79,283.98,347.37
T00179,2025-01-03,11:15:00 PM,C7348,Male,22,Books,1,100.16,57.5,100.16
T00180,2025-02-06,9:25:00 PM,C8523,Male,40,Toys,4,50.69,118.51,202.76
T00181,2025-08-23,9:44:00 AM,C9795,Male,45,Electronics,10,130.64,879.65,1306.4
T00182,2025-12-20,3:46:00 PM,C4859,Female,34,Home,1,31.56,28,31.56
T00183,2025-01-05,2:06:00 PM,C4783,Female,38,Electronics,2,470.92,492.52,941.84
T00184,2025-03-16,5:06:00 PM,C9472,Male,38,Books,3,74.87,154.42,224.61
T00185,2025-07-02,11:40:00 AM,C3677,Male,57,Beauty,9,322.44,1621.32,2901.96
T00186,2025-06-18,10:39:00 AM,C9239,Female,55,Toys,7,358.27,1948.09,2507.89
T00187,2025-08-25,7:40:00 AM,C8154,Male,29,,,,99.52,0
T00188,2025-12-02,8:49:00 AM,C4820,Male,41,Sports,8,78,390.6,624
T00189,2025-01-27,5:00:00 PM,C6471,Female,31,Electronics,5,472.58,1645.94,2362.9
T00190,2025-01-07,12:03:00 PM,C4374,Male,50,Electronics,2,418.95,537.88,837.9
T00191,2025-09-18,6:17:00 PM,C2791,Male,29,Books,2,149.73,253.24,299.46
T00192,2025-11-11,9:49:00 PM,C1855,Male,50,Books,1,301.55,249.11,301.55
T00193,2025-12-16,6:10:00 PM,C3353,Male,32,Sports,10,94.29,528.97,942.9
T00194,2025-05-28,12:58:00 PM,C8323,Male,42,Clothing,6,281.94,1290.87,1691.64
T00195,2025-12-08,2:27:00 AM,C3637,Female,18,Toys,10,461.83,4062.13,4618.3
T00196,2025-12-01,8:08:00 AM,C1319,Male,49,Beauty,10,294.18,1523.36,2941.8
T00197,2025-06-17,7:00:00 PM,C1240,Male,65,Grocery,5,29.4,113.29,147
T00198,2025-06-05,8:13:00 PM,C9299,Male,47,Electronics,4,148.41,460.12,593.64
T00199,2025-07-18,5:42:00 PM,C4026,Male,42,Toys,2,325.3,398.25,650.6
T00200,2025-07-05,4:32:00 AM,C1797,Male,50,Home,6,79.02,247.23,474.12
T00201,2025-07-02,3:17:00 AM,C6945,Male,45,Beauty,10,72.35,591.78,723.5
T00202,2025-08-13,1:43:00 AM,C8840,Male,27,Beauty,4,335.04,679.79,1340.16
T00203,2025-10-13,1:13:00 AM,C3593,Male,63,Sports,5,468.15,1378.98,2340.75
T00204,2025-12-30,12:20:00 AM,C6017,Female,63,Clothing,1,250,187.33,250
T00205,2025-11-24,10:47:00 AM,C4637,Female,36,Home,7,379.24,2063.28,2654.68
T00206,2025-02-14,8:36:00 AM,C9738,Female,30,Sports,10,447.43,2659.74,4474.3
T00207,2025-10-26,7:16:00 AM,C8520,Female,50,Books,4,224.99,538.92,899.96
T00208,2025-10-24,11:23:00 PM,C1968,Female,58,Grocery,4,440.05,1349.9,1760.2
T00209,2025-09-21,8:24:00 PM,C8280,Male,46,Home,3,300.26,802.04,900.78
T00210,2025-02-16,1:34:00 AM,C1689,Male,20,Books,6,205.27,1066.51,1231.62
T00211,2025-01-27,7:43:00 PM,C6964,Male,37,Clothing,6,73.44,337.47,440.64
T00212,2025-06-29,3:11:00 AM,C8366,Female,28,Sports,4,85.85,280.33,343.4
T00213,2025-09-30,10:26:00 AM,C9394,Female,36,Clothing,4,292.36,821.85,1169.44
T00214,2025-11-13,3:57:00 AM,C9319,Male,46,Toys,3,488.88,1167.84,1466.64
T00215,2025-10-25,8:57:00 AM,C4425,Male,51,Books,7,381.37,2141.36,2669.59
T00216,2025-07-01,3:20:00 PM,C3488,Male,20,Grocery,1,412.85,238.42,412.85
T00217,2025-07-15,9:30:00 PM,C5021,Male,55,Beauty,1,479.38,424.46,479.38
T00218,2025-08-09,8:07:00 AM,C4774,Male,41,Clothing,9,217.84,1336.11,1960.56
T00219,2025-03-07,9:30:00 PM,C1234,Male,29,Clothing,9,191.02,1025.09,1719.18
T00220,2025-09-01,12:49:00 PM,C2135,Male,19,Beauty,9,52.54,307.96,472.86
T00221,2025-06-12,7:28:00 AM,C4542,Female,42,Electronics,2,121.8,186.34,243.6
T00222,2025-12-13,9:56:00 AM,C7326,Female,45,Clothing,5,267.02,861.84,1335.1
T00223,2025-08-04,4:42:00 AM,C6514,Female,44,Electronics,8,264.39,1453.04,2115.12
T00224,2025-07-05,2:49:00 PM,C4202,Male,53,Beauty,8,22.44,142.51,179.52
T00225,2025-10-05,2:49:00 PM,C7593,Male,36,Electronics,8,423.84,1734.6,3390.72
T00226,2025-04-07,3:51:00 PM,C5990,Female,58,Beauty,10,109.45,818.02,1094.5
T00227,2025-09-25,2:48:00 PM,C8214,Female,56,Sports,1,21.21,14.43,21.21
T00228,2025-06-30,4:41:00 PM,C7823,Female,50,Grocery,7,485.77,2197.1,3400.39
T00229,2025-08-24,6:10:00 PM,C9026,Female,47,Toys,1,203.94,121.41,203.94
T00230,2025-05-04,8:10:00 PM,C4502,Male,49,Toys,4,480.71,1526.53,1922.84
T00231,2025-04-10,11:22:00 AM,C7479,Female,53,Toys,8,37.47,257.49,299.76
T00232,2025-03-07,3:27:00 PM,C8700,Female,61,Grocery,6,368.95,1170.44,2213.7
T00233,2025-11-10,7:18:00 PM,C4819,Male,46,Books,3,27.94,60.88,83.82
T00234,2025-12-19,2:15:00 PM,C9046,Female,40,Toys,1,346.42,267.6,346.42
T00235,2025-04-30,8:05:00 AM,C2467,Female,21,Home,2,226.47,262.64,452.94
T00236,2025-01-10,6:01:00 PM,C1851,Female,35,Grocery,10,54.02,302.47,540.2
T00237,2025-01-26,5:25:00 PM,C9820,Female,24,Books,8,164.53,1142.02,1316.24
T00238,2025-10-22,10:33:00 AM,C6090,Female,27,Books,6,165.95,583.88,995.7
T00239,2025-05-31,6:19:00 PM,C6484,Female,33,Home,4,493.51,1632.05,1974.04
T00240,2025-11-15,1:12:00 PM,C4077,Female,44,Beauty,1,266.48,230.14,266.48
T00241,2025-10-18,12:02:00 AM,C9723,Female,56,Electronics,2,373.44,462.32,746.88
T00242,2025-07-04,12:21:00 AM,C7776,Male,32,Books,7,327.95,1758.81,2295.65
T00243,2025-10-08,5:12:00 AM,C6084,Female,59,Books,10,375.74,2381.34,3757.4
T00244,2025-09-13,1:49:00 PM,C8656,Male,44,Home,1,124.33,65.91,124.33
T00245,2025-11-30,12:55:00 AM,C9367,Female,52,Sports,2,58.4,59.18,116.8
T00246,2025-06-25,3:33:00 PM,C6002,Male,55,Clothing,9,445.47,3354.56,4009.23
T00247,2025-07-21,4:09:00 PM,C9681,Male,35,Books,7,461.13,2389.28,3227.91
T00248,2025-04-10,2:39:00 AM,C3849,Female,32,Books,1,76.58,48.14,76.58
T00249,2025-09-04,9:04:00 AM,C3684,Male,22,Clothing,10,158.19,1401.48,1581.9
T00250,2025-12-24,11:50:00 PM,C6542,Female,54,Clothing,1,36.6,21.86,36.6
T00251,2025-02-03,4:29:00 AM,C9354,Female,38,Electronics,5,295.44,1126.29,1477.2
T00252,2025-02-08,12:51:00 PM,C6261,Female,65,Home,10,421.83,3251.9,4218.3
T00253,2025-03-23,7:44:00 PM,C6159,Female,42,Grocery,4,61.56,138.69,246.24
T00254,2025-08-06,1:55:00 PM,C7449,Female,29,Beauty,1,253.2,143.81,253.2
T00255,2025-11-21,10:58:00 PM,C8036,Female,23,Grocery,8,333.38,1688.55,2667.04
T00256,2025-12-27,2:57:00 PM,C7152,Female,25,Beauty,4,61.72,192.53,246.88
T00257,2025-11-25,3:14:00 AM,C8621,Male,42,Home,4,151.79,339,607.16
T00258,2025-07-05,9:20:00 PM,C3341,Male,36,Electronics,10,481.67,3531.86,4816.7
T00259,2025-05-15,3:14:00 PM,C3204,Female,37,Beauty,5,489.94,1275.44,2449.7
T00260,2025-08-31,12:08:00 PM,C3131,Male,41,Toys,4,382.61,997.15,1530.44
T00261,2025-12-16,2:19:00 AM,C9380,Male,25,Books,9,6.11,38.43,54.99
T00262,2025-01-11,8:09:00 AM,C9291,Female,35,Books,10,16.42,134.58,164.2
T00263,2025-03-04,9:43:00 AM,C3705,Male,26,Books,4,239.4,831.18,957.6
T00264,2025-10-01,4:15:00 AM,C7539,Male,52,Beauty,5,313.98,1198.42,1569.9
T00265,2025-04-19,10:57:00 AM,C2640,Male,21,Electronics,3,292.55,506.42,877.65
T00266,2025-09-01,2:49:00 PM,C7406,Female,62,Electronics,2,25.29,29.4,50.58
T00267,2025-03-14,1:25:00 AM,C7947,Male,38,Books,5,25.13,83.11,125.65
T00268,2025-01-12,11:54:00 AM,C7208,Male,36,Clothing,9,10.88,75.41,97.92
T00269,2025-10-14,2:14:00 PM,C8313,Female,30,Books,1,346.11,259.14,346.11
T00270,2025-10-13,7:20:00 AM,C7986,Female,62,Clothing,3,335.2,862.81,1005.6
T00271,2025-06-04,1:21:00 AM,C8973,Female,54,Beauty,6,406.04,1611.26,2436.24
T00272,2025-01-18,10:57:00 PM,C6674,Female,26,Clothing,1,451.29,405.83,451.29
T00273,2025-12-02,6:59:00 AM,C2659,Male,50,Sports,5,262.2,1157.43,1311
T00274,2025-10-20,6:56:00 AM,C3538,Female,38,Electronics,4,33.45,96.76,133.8
T00275,2025-07-13,2:20:00 PM,C6494,Female,36,,,,,0
T00276,2025-07-15,7:43:00 PM,C4901,Male,24,Grocery,3,444.47,843.58,1333.41
T00277,2025-03-29,6:11:00 AM,C8638,Male,63,Toys,1,401.43,297.79,401.43
T00278,2025-08-29,7:47:00 AM,C6187,Male,23,Electronics,1,294.58,175.5,294.58
T00279,2025-12-03,1:55:00 AM,C1348,Male,36,Sports,3,177.41,268.33,532.23
T00280,2025-12-09,4:50:00 AM,C1831,Female,33,Sports,6,451.6,2300.83,2709.6
T00281,2025-05-25,11:25:00 PM,C9332,Female,39,Beauty,3,124.62,318.15,373.86
T00282,2025-06-28,4:48:00 PM,C7313,Male,32,Clothing,1,30.18,21.17,30.18
T00283,2025-04-23,8:26:00 AM,C8802,Female,43,Beauty,9,371.25,2517.9,3341.25
T00284,2025-01-11,2:04:00 PM,C6908,Female,62,Grocery,10,179.58,1492.66,1795.8
T00285,2025-08-23,10:21:00 PM,C4496,Male,57,Electronics,5,490.81,1551.75,2454.05
T00286,2025-08-18,1:01:00 PM,C2337,Male,58,Toys,10,480.96,2617.79,4809.6
T00287,2025-12-24,10:51:00 AM,C4121,Female,46,Sports,7,470.59,2599.64,3294.13
T00288,2025-02-11,2:03:00 AM,C3027,Male,37,Beauty,8,137.59,866.41,1100.72
T00289,2025-03-25,3:47:00 AM,C2282,Female,63,Home,8,251.94,1343.39,2015.52
T00290,2025-02-27,3:05:00 PM,C6975,Female,31,Beauty,2,51.73,74.08,103.46
T00291,2025-03-31,3:48:00 PM,C9142,Female,41,Electronics,6,371.38,1471.12,2228.28
T00292,2025-12-12,4:04:00 PM,C6022,Male,53,Books,7,191.08,995.13,1337.56
T00293,2025-03-02,4:14:00 AM,C3046,Male,18,Beauty,3,70.85,158.85,212.55
T00294,2025-12-02,5:09:00 AM,C5341,Female,22,Home,9,463.77,3417.06,4173.93
T00295,2025-07-11,4:29:00 PM,C9294,Female,20,Home,5,306.8,1101.61,1534
T00296,2025-09-06,10:19:00 PM,C7670,Male,54,Grocery,10,15.6,137.17,156
T00297,2025-08-25,8:31:00 PM,C7525,Female,25,Electronics,1,207.63,172.96,207.63
T00298,2025-09-05,9:10:00 AM,C7215,Male,33,Grocery,9,421.03,2161.86,3789.27
T00299,2025-06-03,6:10:00 AM,C8030,Male,48,Home,7,61.68,230.36,431.76
T00300,2025-12-18,8:17:00 AM,C9414,Female,49,Books,6,465.38,2426.91,2792.28
T00301,2025-12-10,3:39:00 AM,C1193,Male,24,Toys,8,286.16,1542,2289.28
T00302,2025-09-13,6:10:00 AM,C5177,Female,30,Home,1,390.63,312.58,390.63
T00303,2025-09-20,1:37:00 PM,C7329,Male,37,Sports,3,312.32,771.56,936.96
T00304,2025-06-27,4:48:00 AM,C8882,Female,34,Books,7,315.82,1849.96,2210.74
T00305,2025-03-03,8:46:00 AM,C2542,Male,30,Grocery,2,143.78,250.56,287.56
T00306,2025-04-20,4:59:00 AM,C6869,Male,35,Books,2,136.32,148.43,272.64
T00307,2025-12-14,9:09:00 PM,C7270,Male,52,Electronics,7,289.35,1208.46,2025.45
T00308,2025-08-10,2:50:00 PM,C4115,Male,44,Beauty,4,140.57,334.89,562.28
T00309,2025-10-29,9:53:00 PM,C7526,Male,39,Clothing,8,245.75,1284.16,1966
T00310,2025-03-16,11:49:00 AM,C6513,Male,44,Home,10,204.83,1697.41,2048.3
T00311,2025-06-11,7:48:00 AM,C3733,Female,41,Sports,1,372.91,310.58,372.91
T00312,2025-12-31,12:34:00 AM,C6497,Female,34,Home,5,298.04,879.98,1490.2
T00313,2025-10-10,4:24:00 PM,C5756,Male,18,Beauty,3,164.97,279.52,494.91
T00314,2025-04-27,5:06:00 AM,C6624,Male,51,Sports,1,317.98,166.15,317.98
T00315,2025-09-04,6:55:00 PM,C3843,Male,25,Toys,7,82.22,497.31,575.54
T00316,2025-04-18,3:08:00 PM,C1499,Male,43,Home,7,491.58,2798.8,3441.06
T00317,2025-03-16,11:12:00 AM,C6100,Male,35,Home,10,44.25,308.09,442.5
T00318,2025-03-02,7:54:00 PM,C6077,Male,56,Grocery,9,231.47,1832.17,2083.23
T00319,2025-10-16,4:49:00 PM,C2695,Female,32,Toys,7,451.32,1981.3,3159.24
T00320,2025-03-01,6:48:00 PM,C3043,Male,55,Sports,7,458.81,1837.49,3211.67
T00321,2025-09-29,9:00:00 AM,C3775,Male,40,Clothing,3,349.28,567.55,1047.84
T00322,2025-11-05,5:30:00 PM,C3713,Female,45,Home,7,111.48,476.34,780.36
T00323,2025-02-14,4:29:00 AM,C8897,Female,35,Beauty,3,136.35,276.89,409.05
T00324,2025-02-26,7:41:00 PM,C3598,Male,20,Books,4,291.48,690.65,1165.92
T00325,2025-03-07,4:17:00 AM,C1479,Female,48,Electronics,1,85.11,64.36,85.11
T00326,2025-11-13,9:06:00 PM,C3908,Female,60,Grocery,9,425.29,2701.29,3827.61
T00327,2025-07-02,12:46:00 AM,C9552,Female,64,Home,6,284.15,1059.73,1704.9
T00328,2025-04-18,1:35:00 PM,C1721,Female,52,Clothing,6,201,996.08,1206
T00329,2025-07-11,7:46:00 PM,C3523,Female,28,Grocery,10,127.38,976.81,1273.8
T00330,2025-01-02,5:48:00 PM,C1668,Male,63,Home,2,292.36,417.84,584.72
T00331,2025-05-04,6:30:00 PM,C9471,Male,26,Home,9,331.33,2038.41,2981.97
T00332,2025-04-26,12:49:00 AM,C8896,Male,56,Home,5,174.48,644.19,872.4
T00333,2025-12-21,11:21:00 AM,C7843,Female,65,Books,10,446.32,2771.5,4463.2
T00334,2025-03-05,7:57:00 PM,C7953,Male,61,Beauty,3,191.04,499.17,573.12
T00335,2025-01-11,1:12:00 AM,C3282,Male,42,Grocery,10,99.75,590.93,997.5
T00336,2025-02-24,10:17:00 PM,C1937,Female,22,Grocery,2,8.07,11.06,16.14
T00337,2025-03-19,8:35:00 AM,C1360,Male,18,Sports,5,498.64,2156.63,2493.2
T00338,2025-09-20,2:40:00 AM,C5612,Male,30,Sports,2,53.24,89.73,106.48
T00339,2025-07-30,10:51:00 AM,C3908,Female,55,Home,7,135.28,823.21,946.96
T00340,2025-05-25,11:42:00 PM,C7819,Female,46,Home,3,61.31,99.47,183.93
T00341,2025-11-09,1:30:00 AM,C3294,Female,21,Home,1,230.46,116.01,230.46
T00342,2025-02-18,3:33:00 PM,C9494,Male,20,Home,2,492.55,570.84,985.1
T00343,2025-02-26,9:11:00 PM,C9228,Female,47,Grocery,6,247.78,759.45,1486.68
T00344,2025-01-28,12:27:00 AM,C4877,Male,24,Sports,9,468.69,2828.82,4218.21
T00345,2025-01-09,2:37:00 PM,C2177,Male,53,Sports,10,247.88,2157.79,2478.8
T00346,2025-04-22,3:18:00 PM,C8617,Male,51,Home,5,413.13,1135.91,2065.65
T00347,2025-05-16,12:58:00 AM,C3357,Female,48,Books,7,241.27,999.63,1688.89
T00348,2025-07-13,6:59:00 AM,C6688,Male,31,Clothing,5,260.72,924.29,1303.6
T00349,2025-10-01,11:07:00 AM,C9149,Female,33,Home,4,21.55,68.03,86.2
T00350,2025-03-21,11:16:00 PM,C1786,Male,44,Beauty,6,88.5,351.66,531
T00351,2025-08-09,11:04:00 PM,C2931,Female,21,Beauty,1,137.44,120.25,137.44
T00352,2025-03-23,6:12:00 PM,C3674,Female,25,Sports,5,222.79,969.99,1113.95
T00353,2025-06-09,7:52:00 AM,C5615,Female,41,Electronics,6,222.09,826.88,1332.54
T00354,2025-11-29,7:22:00 PM,C1021,Female,51,Toys,8,25.07,158.86,200.56
T00355,2025-05-06,1:14:00 AM,C9024,Female,49,Toys,2,302.69,451.23,605.38
T00356,2025-02-21,7:07:00 PM,C1176,Female,63,Sports,10,350.74,2810.1,3507.4
T00357,2025-04-12,9:36:00 PM,C2607,Female,65,Home,5,241.48,955.22,1207.4
T00358,2025-05-03,2:27:00 PM,C5567,Male,31,Sports,3,190.97,485.68,572.91
T00359,2025-06-03,2:08:00 AM,C3473,Female,20,Home,8,205.87,1318.94,1646.96
T00360,2025-11-07,7:00:00 AM,C4288,Male,21,Beauty,1,459.96,316.87,459.96
T00361,2025-03-07,7:23:00 AM,C7410,Female,36,Clothing,4,466.88,1186.45,1867.52
T00362,2025-03-16,2:31:00 PM,C1611,Female,34,Sports,10,344.14,2384.29,3441.4
T00363,2025-02-20,3:17:00 AM,C3204,Female,47,Beauty,1,446.63,318.5,446.63
T00364,2025-09-22,3:26:00 PM,C5496,Male,37,Toys,3,302.54,742.4,907.62
T00365,2025-12-26,4:42:00 PM,C9495,Female,18,Sports,8,264.55,1828.63,2116.4
T00366,2025-10-25,1:54:00 AM,C3342,Male,54,Toys,4,19.14,38.57,76.56
T00367,2025-06-01,11:42:00 PM,C7695,Male,25,Clothing,4,92.31,306.04,369.24
T00368,2025-01-06,8:09:00 AM,C1749,Female,58,Electronics,5,65.66,288.67,328.3
T00369,2025-06-27,1:37:00 PM,C8473,Male,47,Home,10,286.13,2363.05,2861.3
T00370,2025-10-19,4:57:00 PM,C4936,Female,51,Beauty,2,157.84,251.94,315.68
T00371,2025-09-13,10:55:00 PM,C1668,Female,43,Grocery,8,145.28,914.34,1162.24
T00372,2025-10-25,10:51:00 PM,C4256,Male,35,Home,1,284.02,205.32,284.02
T00373,2025-07-24,9:19:00 PM,C9960,Female,46,Sports,10,56.16,470.21,561.6
T00374,2025-03-19,11:02:00 AM,C8120,Female,43,Beauty,8,182.93,939.7,1463.44
T00375,2025-06-20,12:33:00 AM,C7897,Male,37,Electronics,1,282.28,242.09,282.28
T00376,2025-06-02,3:33:00 AM,C9155,Male,35,Home,10,170.94,1500.15,1709.4
T00377,2025-04-10,10:30:00 AM,C1522,Male,54,Electronics,9,115.44,821.31,1038.96
T00378,2025-04-21,9:14:00 PM,C8264,Female,56,Electronics,7,492.47,2265.75,3447.29
T00379,2025-06-21,9:35:00 PM,C9307,Male,25,Beauty,5,107.91,313.32,539.55
T00380,2025-03-19,5:58:00 AM,C1115,Male,18,Sports,1,263.55,170.32,263.55
T00381,2025-04-06,11:59:00 PM,C7130,Female,63,Grocery,9,123.24,558.88,1109.16
T00382,2025-11-19,7:35:00 PM,C1459,Male,51,Toys,6,407.35,2031.63,2444.1
T00383,2025-04-17,7:20:00 PM,C1572,Female,65,Books,10,312.39,2789.79,3123.9
T00384,2025-02-24,10:29:00 AM,C2535,Female,34,Beauty,1,462.03,352.97,462.03
T00385,2025-04-08,12:34:00 PM,C6468,Female,58,Sports,7,397.84,1924.88,2784.88
T00386,2025-11-09,5:46:00 PM,C2191,Male,38,Home,2,5.24,7.45,10.48
T00387,2025-12-09,1:03:00 AM,C3390,Female,37,Books,1,114.19,67.87,114.19
T00388,2025-12-27,5:47:00 AM,C5207,Male,19,Beauty,5,211.95,915.75,1059.75
T00389,2025-12-12,5:59:00 PM,C1359,Female,48,Toys,10,29.07,178.19,290.7
T00390,2025-04-01,6:13:00 AM,C6457,Female,41,Books,4,201.57,515.8,806.28
T00391,2025-04-24,7:30:00 AM,C3081,Male,55,Sports,4,116.23,266.02,464.92
T00392,2025-02-18,3:36:00 AM,C1954,Female,63,Electronics,7,59.62,273.26,417.34
T00393,2025-12-19,2:05:00 AM,C4355,Female,31,Electronics,1,125.44,78.44,125.44
T00394,2025-10-10,11:47:00 PM,C8590,Female,52,Clothing,1,339.9,172.05,339.9
T00395,2025-03-06,10:57:00 AM,C3572,Male,35,Clothing,7,439.08,2605.37,3073.56
T00396,2025-10-12,8:23:00 AM,C6076,Female,38,Books,6,40,211.37,240
T00397,2025-05-11,2:17:00 PM,C1700,Male,30,Home,3,5.54,14.87,16.62
T00398,2025-11-07,10:05:00 AM,C7162,Female,56,Home,3,221.9,377.29,665.7
T00399,2025-11-19,5:02:00 AM,C3987,Female,34,Grocery,1,389.67,317.52,389.67
T00400,2025-11-14,7:50:00 PM,C9344,Female,36,Books,9,167.84,1168.46,1510.56
T00401,2025-02-06,1:51:00 AM,C1817,Female,51,Home,1,356.34,279.18,356.34
T00402,2025-09-08,11:55:00 PM,C4797,Female,29,Books,8,486.04,2518.03,3888.32
T00403,2025-01-19,6:40:00 PM,C1609,Female,49,Sports,6,157.74,490.03,946.44
T00404,2025-11-22,3:38:00 AM,C9124,Female,47,Clothing,10,135.76,838.49,1357.6
T00405,2025-12-20,10:11:00 PM,C3342,Male,25,Home,3,178.5,388.5,535.5
T00406,2025-06-01,11:54:00 AM,C2631,Female,59,Electronics,3,139.5,246.02,418.5
T00407,2025-04-01,12:04:00 PM,C8631,Male,44,Books,8,127.72,805.03,1021.76
T00408,2025-05-04,7:23:00 AM,C4425,Female,23,Sports,9,371.4,2035.81,3342.6
T00409,2025-11-07,12:49:00 AM,C7052,Female,41,Toys,7,341.45,1990.76,2390.15
T00410,2025-08-04,11:14:00 PM,C9666,Female,37,Beauty,3,211.3,535.23,633.9
T00411,2025-03-04,12:19:00 PM,C4405,Male,40,Clothing,7,29.33,179.22,205.31
T00412,2025-12-12,10:30:00 PM,C9487,Female,55,Toys,4,399.96,973.08,1599.84
T00413,2025-02-05,9:20:00 AM,C8222,Female,65,Toys,6,72.99,384.31,437.94
T00414,2025-11-25,12:45:00 PM,C2392,Male,65,Clothing,1,391.99,254.7,391.99
T00415,2025-10-11,12:58:00 PM,C7864,Male,29,Clothing,10,403.94,3417.35,4039.4
T00416,2025-12-06,5:55:00 PM,C5429,Male,39,Books,2,375.65,384.69,751.3
T00417,2025-08-16,12:37:00 PM,C4661,Female,58,Sports,10,121.93,1064.41,1219.3
T00418,2025-07-03,2:15:00 AM,C1290,Male,18,Books,3,342.95,877.14,1028.85
T00419,2025-09-21,5:53:00 PM,C9555,Female,23,Beauty,2,438.21,663.99,876.42
T00420,2025-07-21,2:24:00 PM,C6187,Male,52,Books,1,122.68,96.31,122.68
T00421,2025-10-19,7:46:00 PM,C1032,Female,32,Books,10,479.3,3356.21,4793
T00422,2025-07-09,1:11:00 AM,C3668,Male,48,Sports,10,391.36,2580.24,3913.6
T00423,2025-07-28,9:00:00 PM,C2204,Female,33,Toys,5,455.38,1688.79,2276.9
T00424,2025-05-01,3:40:00 AM,C7490,Male,52,Home,4,351.85,1008.32,1407.4
T00425,2025-07-18,2:06:00 AM,C9941,Male,31,Sports,5,355.14,1100.22,1775.7
T00426,2025-04-12,8:22:00 AM,C3740,Female,39,Electronics,5,285.6,1227.84,1428
T00427,2025-10-20,4:24:00 AM,C7429,Female,63,Beauty,8,98.44,618.43,787.52
T00428,2025-01-27,9:00:00 PM,C3952,Female,34,Sports,2,425.64,728.07,851.28
T00429,2025-03-28,1:43:00 PM,C3729,Female,63,Sports,2,128.22,149.97,256.44
T00430,2025-01-05,11:49:00 PM,C7059,Male,43,Home,1,431.63,370.94,431.63
T00431,2025-07-07,12:29:00 AM,C3455,Female,39,Clothing,2,440.32,608.9,880.64
T00432,2025-09-20,11:19:00 PM,C8634,Female,52,Toys,4,256.25,529.3,1025
T00433,2025-05-18,12:04:00 AM,C4650,Female,62,Sports,1,237.12,152.56,237.12
T00434,2025-01-01,10:19:00 AM,C1112,Male,57,Clothing,10,14.7,113.68,147
T00435,2025-11-02,10:04:00 AM,C4012,Male,59,Electronics,6,477.87,1754.92,2867.22
T00436,2025-12-16,12:47:00 PM,C8864,Female,51,Sports,5,86.07,266.83,430.35
T00437,2025-08-12,1:32:00 AM,C6662,Male,44,Grocery,5,158.07,629.89,790.35
T00438,2025-08-06,6:03:00 AM,C1123,Male,35,Sports,1,227.47,168.52,227.47
T00439,2025-04-20,7:00:00 AM,C4379,Female,54,Beauty,9,392.67,2521.08,3534.03
T00440,2025-12-17,11:48:00 AM,C6655,Female,59,Toys,7,178.28,1025.28,1247.96
T00441,2025-01-09,6:48:00 PM,C1068,Male,32,Grocery,2,478.54,824.61,957.08
T00442,2025-06-09,10:00:00 PM,C9788,Female,37,Toys,5,350.06,1347.73,1750.3
T00443,2025-03-24,3:17:00 PM,C9910,Male,63,Grocery,7,51.07,205.85,357.49
T00444,2025-01-28,4:59:00 PM,C4964,Female,51,Toys,2,359.99,493.77,719.98
T00445,2025-08-30,1:35:00 AM,C5377,Female,57,Books,5,238.53,630.84,1192.65
T00446,2025-11-04,6:35:00 AM,C5197,Male,65,Clothing,2,55.32,84.55,110.64
T00447,2025-05-12,3:38:00 AM,C7002,Female,54,Electronics,7,259.34,1627.75,1815.38
T00448,2025-03-07,7:52:00 AM,C7385,Male,27,Home,2,444.45,649.81,888.9
T00449,2025-05-23,7:03:00 AM,C2312,Female,37,Clothing,6,446.44,2064.39,2678.64
T00450,2025-09-26,10:04:00 AM,C7896,Male,52,Grocery,3,205.23,493.45,615.69
T00451,2025-05-08,2:53:00 AM,C3053,Male,33,Toys,6,165.11,592.62,990.66
T00452,2025-08-11,5:05:00 AM,C2099,Male,60,Clothing,4,458.98,1564.6,1835.92
T00453,2025-01-08,5:27:00 AM,C5514,Male,26,Books,6,42.03,225.4,252.18
T00454,2025-07-04,5:04:00 PM,C3604,Female,41,Toys,9,333.4,2444.98,3000.6
T00455,2025-05-08,11:07:00 PM,C3153,Male,41,Beauty,3,249.32,574.34,747.96
T00456,2025-04-06,8:28:00 AM,C3795,Male,23,Grocery,5,256.87,1024.02,1284.35
T00457,2025-08-12,5:14:00 AM,C3810,Female,42,Books,10,229.46,1803.8,2294.6
T00458,2025-11-18,6:52:00 AM,C2759,Female,58,Electronics,4,33.26,70.17,133.04
T00459,2025-11-13,10:45:00 AM,C4876,Male,63,Books,2,253.31,384.15,506.62
T00460,2025-08-11,6:00:00 AM,C4173,Male,39,Home,7,200.24,1028.61,1401.68
T00461,2025-05-09,2:47:00 AM,C7593,Female,50,Home,6,362.76,1427.44,2176.56
T00462,2025-06-13,5:02:00 AM,C2128,Female,41,Sports,10,268.45,2087.01,2684.5
T00463,2025-03-06,2:28:00 PM,C1213,Female,35,Sports,7,315.94,1639.1,2211.58
T00464,2025-01-04,3:27:00 PM,C5241,Male,19,Beauty,2,460.32,586.77,920.64
T00465,2025-03-26,12:43:00 PM,C7240,Female,19,Books,6,127.6,557.33,765.6
T00466,2025-09-13,9:45:00 PM,C8135,Male,51,Grocery,5,254.53,880.69,1272.65
T00467,2025-01-20,2:50:00 AM,C7211,Female,55,Beauty,10,74.76,584.98,747.6
T00468,2025-11-06,5:34:00 PM,C9814,Female,35,Clothing,4,191.32,647.33,765.28
T00469,2025-07-21,12:11:00 PM,C9015,Male,21,Toys,8,44.48,205.11,355.84
T00470,2025-11-24,9:12:00 AM,C9030,Female,24,Grocery,10,486.3,2475.31,4863
T00471,2025-01-09,5:51:00 AM,C1272,Female,64,Electronics,9,415.27,2747.4,3737.43
T00472,2025-09-16,3:22:00 PM,C8033,Male,24,Electronics,7,204.36,1234.15,1430.52
T00473,2025-02-20,5:01:00 AM,C2760,Female,23,Grocery,1,406.25,264.65,406.25
T00474,2025-08-24,11:19:00 PM,C8657,Male,44,Beauty,6,341.5,1201.51,2049
T00475,2025-10-28,12:03:00 PM,C1179,Female,44,Home,1,71.04,41.72,71.04
T00476,2025-12-30,2:24:00 AM,C2453,Female,38,Toys,5,474.47,1593.45,2372.35
T00477,2025-11-25,3:36:00 PM,C2474,Male,23,Clothing,7,480.86,2448.48,3366.02
T00478,2025-02-28,3:26:00 PM,C6765,Female,23,Sports,10,375.91,2107.31,3759.1
T00479,2025-08-31,10:17:00 AM,C2636,Male,46,Beauty,7,64.98,249.33,454.86
T00480,2025-05-18,12:56:00 PM,C8633,Female,21,Electronics,4,492.23,1478.03,1968.92
T00481,2025-01-23,6:46:00 PM,C9768,Female,64,Clothing,1,478.15,405.94,478.15
T00482,2025-07-12,9:08:00 AM,C6973,Female,43,Books,7,173.5,896.55,1214.5
T00483,2025-07-22,2:19:00 AM,C6622,Female,43,Toys,10,453.52,2908,4535.2
T00484,2025-11-13,10:25:00 AM,C4026,Male,53,Books,1,382.01,336.81,382.01
T00485,2025-03-20,10:18:00 PM,C8280,Male,55,Grocery,9,60.77,409.2,546.93
T00486,2025-09-26,10:54:00 AM,C9538,Female,31,Beauty,9,341.98,2608.57,3077.82
T00487,2025-02-08,7:19:00 PM,C5224,Male,61,Beauty,3,258.69,607.44,776.07
T00488,2025-02-16,9:29:00 PM,C9014,Male,24,Clothing,2,190.97,227.81,381.94
T00489,2025-11-23,1:25:00 AM,C5244,Female,61,Sports,1,311.5,235.69,311.5
T00490,2025-08-30,8:15:00 PM,C2245,Male,43,Beauty,2,338.63,479.82,677.26
T00491,2025-11-25,5:00:00 AM,C1163,Male,27,Electronics,3,66.48,110.04,199.44
T00492,2025-06-20,3:31:00 PM,C8883,Male,35,Toys,7,122.19,751.08,855.33
T00493,2025-03-28,6:10:00 AM,C7887,Female,61,Sports,2,205.88,304.92,411.76
T00494,2025-08-18,10:22:00 AM,C5571,Female,57,Electronics,10,486.91,3474.68,4869.1
T00495,2025-11-17,2:32:00 AM,C7851,Female,27,Electronics,3,115.85,235.24,347.55
T00496,2025-10-07,12:49:00 AM,C2557,Male,64,Grocery,4,279.53,858.34,1118.12
T00497,2025-04-04,12:46:00 AM,C3580,Male,61,Beauty,6,62.55,244.99,375.3
T00498,2025-09-06,2:28:00 AM,C6433,Female,46,Electronics,9,231.76,1372,2085.84
T00499,2025-06-02,9:59:00 AM,C5648,Female,45,Beauty,9,447.21,2450.76,4024.89
T00500,2025-09-02,2:26:00 PM,C8658,Female,55,Grocery,8,44.27,201.16,354.16
T00501,2025-08-21,5:19:00 PM,C3315,Female,36,Toys,2,427.19,538.96,854.38
T00502,2025-08-14,4:47:00 AM,C9270,Female,20,Sports,4,241.41,820.07,965.64
T00503,2025-10-18,1:58:00 AM,C9236,Male,54,Home,8,91.13,447.6,729.04
T00504,2025-12-22,11:48:00 AM,C1852,Female,26,Beauty,2,356.17,367.35,712.34
T00505,2025-07-26,6:02:00 AM,C3595,Female,28,Beauty,4,235.91,772.6,943.64
T00506,2025-06-06,7:04:00 AM,C8706,Female,49,Home,8,270.68,1123.48,2165.44
T00507,2025-06-27,11:07:00 AM,C4375,Male,23,Toys,1,47.46,39.51,47.46
T00508,2025-11-18,5:55:00 PM,C9090,Female,18,Electronics,8,399.52,2121.28,3196.16
T00509,2025-12-05,2:13:00 AM,C5826,Female,38,Clothing,1,307.23,271.56,307.23
T00510,2025-08-18,6:09:00 AM,C7621,Female,61,Clothing,1,113.2,79.62,113.2
T00511,2025-06-19,12:22:00 AM,C9329,Female,48,Clothing,2,158.92,161.37,317.84
T00512,2025-09-10,3:15:00 PM,C1454,Female,32,Beauty,2,287.23,439.69,574.46
T00513,2025-03-15,11:29:00 PM,C5883,Male,62,Toys,7,402.4,1506.67,2816.8
T00514,2025-10-24,5:59:00 PM,C9894,Female,56,Beauty,4,448.91,1170.47,1795.64
T00515,2025-11-04,7:37:00 PM,C5343,Female,50,Electronics,2,218.79,274.71,437.58
T00516,2025-09-20,5:54:00 AM,C4280,Male,53,Books,4,422.86,1037.58,1691.44
T00517,2025-10-30,11:18:00 AM,C1748,Female,56,Beauty,8,9.71,44.07,77.68
T00518,2025-03-31,9:09:00 AM,C8973,Male,55,Grocery,7,284.97,1168.32,1994.79
T00519,2025-04-18,8:39:00 AM,C6220,Male,45,Toys,1,182.16,161.54,182.16
T00520,2025-12-01,3:35:00 AM,C4413,Female,21,Clothing,9,384.5,2273.91,3460.5
T00521,2025-12-20,3:09:00 PM,C1348,Male,47,Clothing,3,151.48,402.54,454.44
T00522,2025-09-03,4:15:00 AM,C8110,Female,59,Books,9,112.68,514.6,1014.12
T00523,2025-12-02,10:31:00 AM,C7599,Male,43,Grocery,8,162.54,1121.8,1300.32
T00524,2025-12-09,9:34:00 PM,C7920,Female,25,Grocery,10,47.95,283.62,479.5
T00525,2025-12-17,6:07:00 PM,C8543,Female,39,Clothing,7,169.45,795.62,1186.15
T00526,2025-04-24,12:34:00 AM,C6366,Male,43,Electronics,4,334.26,721.92,1337.04
T00527,2025-06-05,2:50:00 PM,C4038,Female,43,Books,1,287.26,229.4,287.26
T00528,2025-10-09,11:29:00 AM,C3954,Male,38,Home,8,240.38,1472.46,1923.04
T00529,2025-01-26,11:16:00 AM,C3465,Male,46,Books,2,115.15,145.33,230.3
T00530,2025-02-09,8:37:00 PM,C7390,Male,48,Clothing,2,420.83,608.67,841.66
T00531,2025-12-29,9:17:00 AM,C1258,Male,32,Books,9,411.67,2646.71,3705.03
T00532,2025-06-16,12:55:00 PM,C5179,Female,42,Home,2,15.51,18.88,31.02
T00533,2025-05-04,12:10:00 AM,C7760,Male,36,Home,8,377.06,2360.05,3016.48
T00534,2025-04-21,1:16:00 AM,C7815,Male,44,Sports,1,80.32,65.04,80.32
T00535,2025-12-09,8:14:00 AM,C2897,Female,18,Beauty,5,470.3,1306.32,2351.5
T00536,2025-07-28,8:31:00 AM,C9634,Female,36,Clothing,1,243.08,186.89,243.08
T00537,2025-11-27,3:20:00 AM,C3432,Female,26,Home,8,429.51,3026.29,3436.08
T00538,2025-03-31,5:53:00 AM,C3364,Male,48,Books,1,291.4,205.76,291.4
T00539,2025-10-27,6:30:00 AM,C4508,Female,46,Beauty,1,224.69,115.14,224.69
T00540,2025-12-09,1:57:00 AM,C4441,Male,36,Electronics,6,63.57,234.32,381.42
T00541,2025-09-23,11:25:00 PM,C6983,Female,58,Home,10,88.88,680.04,888.8
T00542,2025-01-04,6:07:00 AM,C3978,Male,65,Sports,7,174.73,634.39,1223.11
T00543,2025-04-30,7:40:00 PM,C1359,Male,22,Grocery,10,251.48,1378.16,2514.8
T00544,2025-06-21,10:36:00 PM,C1954,Male,45,Toys,5,487.83,2108.77,2439.15
T00545,2025-03-25,7:42:00 AM,C5946,Female,28,Toys,9,282.95,1411.75,2546.55
T00546,2025-02-13,12:13:00 PM,C8058,Male,51,Books,2,437.15,578.64,874.3
T00547,2025-07-25,4:27:00 AM,C5023,Female,37,Grocery,9,222.38,1482.9,2001.42
T00548,2025-01-10,3:45:00 AM,C5581,Female,41,Beauty,3,388.64,1018.83,1165.92
T00549,2025-01-27,12:13:00 PM,C4179,Male,22,Clothing,3,152.81,248.04,458.43
T00550,2025-12-01,12:35:00 AM,C5238,Male,53,Home,7,442.27,1804.3,3095.89
T00551,2025-07-06,12:54:00 PM,C9420,Male,21,Clothing,9,74.38,377.71,669.42
T00552,2025-07-07,8:41:00 AM,C1055,Male,25,Beauty,4,34.38,99.28,137.52
T00553,2025-02-22,2:29:00 AM,C4931,Female,28,Beauty,10,62.02,469.44,620.2
T00554,2025-04-23,2:02:00 PM,C4047,Female,39,,,,25.79,0
T00555,2025-07-31,7:24:00 PM,C7263,Female,46,Toys,10,424.69,2437.6,4246.9
T00556,2025-11-14,7:57:00 AM,C7428,Female,48,Grocery,6,194.36,638.36,1166.16
T00557,2025-06-19,8:13:00 PM,C3749,Female,27,Grocery,4,75.76,269.65,303.04
T00558,2025-04-23,6:48:00 PM,C9278,Female,30,Beauty,6,418.15,2116.33,2508.9
T00559,2025-12-11,3:52:00 AM,C5994,Female,65,Books,9,292.2,1541.94,2629.8
T00560,2025-03-16,2:23:00 PM,C2578,Male,52,Electronics,6,85.94,451.01,515.64
T00561,2025-09-06,3:30:00 AM,C5638,Male,59,Beauty,6,209.05,1086.32,1254.3
T00562,2025-12-27,3:41:00 AM,C1389,Male,64,Beauty,9,475.8,2514.63,4282.2
T00563,2025-10-06,7:11:00 AM,C2600,Male,60,Home,4,62.66,173.16,250.64
T00564,2025-09-08,2:04:00 PM,C4005,Male,40,Books,10,470.42,2535.15,4704.2
T00565,2025-08-06,5:59:00 AM,C8295,Male,31,Grocery,2,452.71,546.76,905.42
T00566,2025-08-08,7:36:00 AM,C2164,Female,20,Grocery,1,73.45,50.24,73.45
T00567,2025-09-13,4:11:00 AM,C1551,Female,60,Books,8,27.45,184.74,219.6
T00568,2025-05-27,1:49:00 PM,C2344,Male,60,Sports,2,473.48,778.16,946.96
T00569,2025-05-05,8:01:00 PM,C4788,Male,33,Books,10,61.87,503.76,618.7
T00570,2025-12-03,4:10:00 AM,C8041,Male,42,Beauty,6,481.49,2007.57,2888.94
T00571,2025-12-18,4:46:00 AM,C2815,Male,57,Sports,6,23.61,87.69,141.66
T00572,2025-09-05,10:26:00 PM,C1641,Female,42,Beauty,3,44.85,79.64,134.55
T00573,2025-05-17,12:25:00 AM,C9034,Female,44,Home,8,346.74,2109.86,2773.92
T00574,2025-09-03,3:35:00 AM,C6113,Male,49,Home,10,68.53,489.97,685.3
T00575,2025-11-16,2:54:00 AM,C3984,Male,59,Clothing,8,199.52,913.92,1596.16
T00576,2025-11-10,9:30:00 PM,C7919,Female,44,Toys,7,58.95,217.06,412.65
T00577,2025-11-21,3:25:00 AM,C3657,Female,38,Home,8,21.6,126.6,172.8
T00578,2025-02-05,2:01:00 PM,C2728,Female,18,Clothing,5,452.38,1913.8,2261.9
T00579,2025-10-19,10:07:00 AM,C7565,Female,27,Sports,5,402.03,1377.7,2010.15
T00580,2025-05-22,2:35:00 PM,C6648,Male,32,Books,10,217.28,1129.12,2172.8
T00581,2025-01-30,7:31:00 AM,C7786,Female,31,Toys,2,386.68,428.26,773.36
T00582,2025-11-26,9:20:00 PM,C5100,Male,40,Toys,2,424.43,552.43,848.86
T00583,2025-11-04,10:43:00 PM,C5107,Male,36,Clothing,5,19.39,51.64,96.95
T00584,2025-02-22,5:34:00 AM,C4632,Female,62,Sports,5,398.94,1115.2,1994.7
T00585,2025-03-20,10:26:00 AM,C4706,Female,34,Books,10,478.68,4119.19,4786.8
T00586,2025-12-13,1:26:00 PM,C1249,Male,51,Books,2,247.29,421.39,494.58
T00587,2025-09-01,7:23:00 PM,C8539,Male,33,Clothing,4,385.51,774.57,1542.04
T00588,2025-12-18,4:14:00 AM,C1885,Female,64,Books,10,301.53,2228.44,3015.3
T00589,2025-11-05,8:54:00 AM,C8851,Male,62,Clothing,6,198.73,1030.47,1192.38
T00590,2025-12-29,11:37:00 AM,C1578,Female,26,Electronics,4,21.01,70.34,84.04
T00591,2025-08-23,2:59:00 PM,C3854,Male,40,Home,10,289.86,2138.44,2898.6
T00592,2025-01-12,2:21:00 PM,C8603,Female,60,Home,7,74.54,440.58,521.78
T00593,2025-06-12,10:05:00 AM,C1056,Male,47,Toys,7,297.83,1628.23,2084.81
T00594,2025-11-06,12:35:00 AM,C6435,Female,21,Sports,4,305.43,1083.42,1221.72
T00595,2025-01-04,11:50:00 AM,C5854,Female,36,Electronics,10,412.63,3041.58,4126.3
T00596,2025-09-28,6:36:00 PM,C2257,Female,33,Sports,10,49.52,303.21,495.2
T00597,2025-07-15,3:57:00 AM,C1010,Male,30,Books,7,164,627.57,1148
T00598,2025-11-12,11:20:00 PM,C2825,Female,44,Toys,7,193.77,1183.65,1356.39
T00599,2025-06-04,6:01:00 PM,C3613,Female,53,Beauty,1,390.51,335.19,390.51
T00600,2025-11-02,9:19:00 PM,C3423,Female,60,Books,9,359.03,1925.03,3231.27
T00601,2025-11-30,11:03:00 PM,C1039,Female,33,Toys,7,336.74,1947.75,2357.18
T00602,2025-02-01,1:42:00 PM,C7333,Male,32,Grocery,9,164.49,800.33,1480.41
T00603,2025-07-14,2:29:00 PM,C7290,Female,62,Grocery,6,345.02,1152.85,2070.12
T00604,2025-10-05,6:33:00 AM,C8150,Male,22,Books,7,122.4,537.95,856.8
T00605,2025-01-12,6:14:00 PM,C2169,Female,31,Grocery,6,264,1297.71,1584
T00606,2025-09-26,10:38:00 AM,C8621,Female,49,Clothing,2,246.51,408.62,493.02
T00607,2025-06-28,9:38:00 AM,C1179,Male,25,Electronics,10,463.76,2849.61,4637.6
T00608,2025-09-09,4:53:00 AM,C6661,Male,50,Toys,8,56.23,283.25,449.84
T00609,2025-07-18,10:53:00 AM,C7138,Male,34,Grocery,2,119.79,129.66,239.58
T00610,2025-03-17,12:16:00 PM,C8890,Female,48,Sports,4,322.13,957.96,1288.52
T00611,2025-06-02,1:36:00 PM,C3976,Female,55,Beauty,1,177.78,90.11,177.78
T00612,2025-02-13,11:47:00 PM,C7925,Female,46,Grocery,1,301.01,254.75,301.01
T00613,2025-05-25,8:49:00 PM,C2641,Female,25,Electronics,9,227.59,1521.35,2048.31
T00614,2025-06-10,10:13:00 AM,C5404,Male,53,Home,8,354.26,1574.13,2834.08
T00615,2025-12-17,3:39:00 PM,C1462,Male,54,Beauty,1,151.79,132.23,151.79
T00616,2025-10-24,2:44:00 AM,C2863,Female,45,Clothing,5,71.42,276.89,357.1
T00617,2025-06-17,11:14:00 AM,C3751,Male,41,Home,3,251.07,407.27,753.21
T00618,2025-12-19,1:42:00 PM,C6883,Female,38,Toys,10,69.52,426.37,695.2
T00619,2025-01-07,7:32:00 AM,C6902,Female,53,Beauty,5,155.51,447.23,777.55
T00620,2025-01-29,4:08:00 PM,C9359,Female,61,Sports,3,133.82,246.87,401.46
T00621,2025-04-15,6:21:00 PM,C8932,Female,39,Books,10,20.69,121.38,206.9
T00622,2025-12-02,4:40:00 PM,C7715,Female,38,Electronics,6,90.92,429.7,545.52
T00623,2025-10-04,6:36:00 AM,C1638,Male,30,Books,5,480.72,1927.07,2403.6
T00624,2025-06-01,6:43:00 AM,C3117,Female,38,Grocery,8,41.32,188.4,330.56
T00625,2025-11-14,9:39:00 AM,C4374,Male,62,Toys,10,361.18,2892.76,3611.8
T00626,2025-05-04,9:41:00 PM,C6585,Female,34,Home,1,361.79,184.77,361.79
T00627,2025-12-04,10:51:00 PM,C1340,Female,22,Grocery,8,208.28,978.58,1666.24
T00628,2025-05-22,12:28:00 PM,C3900,Male,47,Beauty,1,467.32,314.13,467.32
T00629,2025-10-02,11:57:00 AM,C3873,Male,40,Grocery,8,366.69,2333.07,2933.52
T00630,2025-05-08,12:24:00 PM,C6028,Female,42,Toys,4,416.44,940.43,1665.76
T00631,2025-07-26,10:32:00 AM,C9210,Female,62,Grocery,3,445.78,858.8,1337.34
T00632,2025-01-13,3:52:00 AM,C7497,Male,20,Home,1,399.41,232.33,399.41
T00633,2025-09-08,7:55:00 AM,C4341,Male,40,Electronics,1,359.12,270.62,359.12
T00634,2025-11-17,3:08:00 AM,C9282,Male,22,Toys,3,213.05,434.5,639.15
T00635,2025-04-06,11:33:00 AM,C2749,Female,53,Grocery,8,111.55,798.98,892.4
T00636,2025-01-01,1:43:00 PM,C5536,Male,59,Home,6,452.87,2397.18,2717.22
T00637,2025-03-18,9:37:00 AM,C2279,Female,29,Sports,1,189.96,126.77,189.96
T00638,2025-07-16,1:34:00 AM,C7617,Male,18,Electronics,6,107.12,363.65,642.72
T00639,2025-08-26,1:48:00 PM,C5055,Male,59,Grocery,4,233.2,664.15,932.8
T00640,2025-06-26,10:18:00 PM,C7514,Female,39,Sports,5,33.63,107.81,168.15
T00641,2025-02-23,11:07:00 AM,C6048,Male,56,Clothing,6,256.62,952.2,1539.72
T00642,2025-07-08,10:51:00 AM,C9110,Female,53,Grocery,3,245.89,481.97,737.67
T00643,2025-06-25,4:35:00 AM,C7935,Female,54,Clothing,2,151.9,201.99,303.8
T00644,2025-05-22,11:11:00 PM,C8541,Male,38,Clothing,9,430.91,2324.88,3878.19
T00645,2025-08-17,3:20:00 AM,C4100,Female,37,Electronics,3,255.92,639.52,767.76
T00646,2025-06-28,8:44:00 AM,C7851,Female,51,Books,4,461.34,1190.57,1845.36
T00647,2025-03-08,6:48:00 AM,C6365,Female,54,Books,10,167.45,1253.94,1674.5
T00648,2025-12-23,9:32:00 AM,C8247,Female,47,Grocery,7,291.68,1520.75,2041.76
T00649,2025-01-12,6:23:00 AM,C9489,Male,54,Books,5,77.38,207.8,386.9
T00650,2025-02-26,4:24:00 PM,C8534,Male,39,Grocery,1,484.17,299.36,484.17
T00651,2025-04-11,3:39:00 PM,C9149,Female,31,Grocery,9,396.06,1933.32,3564.54
T00652,2025-02-20,8:00:00 AM,C4482,Male,50,Grocery,9,212.26,1639.86,1910.34
T00653,2025-08-02,5:51:00 PM,C5094,Female,40,Sports,1,342.94,259.21,342.94
T00654,2025-10-03,4:29:00 AM,C5325,Female,21,Beauty,6,114.17,608.94,685.02
T00655,2025-08-24,2:11:00 PM,C3009,Female,56,Beauty,8,466.9,2185.5,3735.2
T00656,2025-05-24,11:08:00 AM,C4633,Male,39,Beauty,5,90.58,360.53,452.9
T00657,2025-04-20,7:52:00 AM,C4509,Female,38,Sports,4,357.95,1246.67,1431.8
T00658,2025-07-18,3:26:00 PM,C2779,Female,40,Books,6,222.22,1116.71,1333.32
T00659,2025-01-20,10:48:00 PM,C5968,Female,51,Clothing,3,53.76,133.75,161.28
T00660,2025-06-06,7:21:00 PM,C5455,Female,65,Home,9,445.06,2178.16,4005.54
T00661,2025-10-24,11:57:00 PM,C9583,Female,28,Home,2,368.09,515.42,736.18
T00662,2025-03-07,12:23:00 PM,C3221,Male,30,Toys,10,460.16,3201.02,4601.6
T00663,2025-10-27,8:11:00 PM,C5382,Female,65,Home,9,455.84,2259.45,4102.56
T00664,2025-06-07,10:57:00 PM,C1615,Female,48,Sports,3,447.94,1052.8,1343.82
T00665,2025-02-06,8:46:00 AM,C3778,Female,27,Clothing,2,182.56,315.74,365.12
T00666,2025-04-30,2:49:00 PM,C4169,Male,39,Beauty,8,369.08,1848.79,2952.64
T00667,2025-03-30,7:35:00 AM,C4052,Female,20,Clothing,3,252.65,467.75,757.95
T00668,2025-03-04,3:24:00 PM,C5694,Male,62,Toys,5,31.01,111.32,155.05
T00669,2025-10-28,9:00:00 PM,C5090,Female,37,Electronics,1,267.23,199.12,267.23
T00670,2025-04-20,11:31:00 AM,C5108,Female,22,Grocery,1,309.75,244.14,309.75
T00671,2025-01-06,8:23:00 PM,C4553,Female,41,Home,1,350.63,295.49,350.63
T00672,2025-05-26,8:51:00 AM,C3950,Female,37,Home,2,121.77,153.82,243.54
T00673,2025-04-20,11:46:00 AM,C8022,Female,32,Clothing,10,346.13,2895.03,3461.3
T00674,2025-11-27,11:28:00 AM,C3107,Male,62,Clothing,2,306.23,418.02,612.46
T00675,2025-03-17,4:21:00 AM,C7415,Male,51,Clothing,1,149.54,114.4,149.54
T00676,2025-12-05,12:57:00 AM,C8937,Female,45,Clothing,6,475.38,1565.72,2852.28
T00677,2025-06-28,2:23:00 PM,C3261,Female,47,Grocery,1,396.6,352.07,396.6
T00678,2025-11-23,9:15:00 AM,C9127,Female,46,Sports,6,314.75,1371.43,1888.5
T00679,2025-07-25,11:33:00 PM,C3010,Female,59,Grocery,3,252.45,654.22,757.35
T00680,2025-04-13,6:08:00 AM,C3283,Male,21,Sports,6,340.03,1496.62,2040.18
T00681,2025-02-27,6:54:00 AM,C9571,Male,31,Electronics,10,418.99,3694.6,4189.9
T00682,2025-06-01,9:52:00 PM,C2440,Male,23,Books,3,205.89,346.01,617.67
T00683,2025-11-24,5:41:00 AM,C3263,Male,33,Toys,4,242.09,590.85,968.36
T00684,2025-07-16,1:16:00 AM,C3860,Female,31,Home,1,407.8,306.48,407.8
T00685,2025-09-28,1:46:00 AM,C1946,Male,48,Clothing,10,481.55,3941.46,4815.5
T00686,2025-03-10,9:16:00 AM,C8246,Male,42,Beauty,3,181.39,272.09,544.17
T00687,2025-11-05,4:07:00 AM,C2236,Male,34,Books,3,142.47,255.79,427.41
T00688,2025-12-21,8:06:00 PM,C3611,Male,38,Sports,9,285.12,2002.41,2566.08
T00689,2025-02-04,8:16:00 PM,C4270,Male,48,Toys,10,395.43,2019.77,3954.3
T00690,2025-07-31,6:55:00 AM,C9553,Female,38,Clothing,6,86.13,267.06,516.78
T00691,2025-10-06,8:08:00 PM,C1531,Male,21,Sports,8,42.88,276.11,343.04
T00692,2025-05-16,12:09:00 AM,C8797,Female,55,Sports,1,343.7,217.48,343.7
T00693,2025-08-26,2:56:00 AM,C2131,Male,54,Toys,1,341.33,174.05,341.33
T00694,2025-03-08,5:46:00 AM,C9760,Male,33,Clothing,7,217.31,1224.8,1521.17
T00695,2025-12-20,11:18:00 PM,C9797,Female,20,Clothing,3,388.35,737.39,1165.05
T00696,2025-03-08,7:29:00 PM,C7114,Female,21,Toys,8,242.51,1711.72,1940.08
T00697,2025-08-22,2:50:00 AM,C6452,Female,34,Clothing,4,371.89,1332.39,1487.56
T00698,2025-08-25,2:49:00 AM,C5392,Female,36,Sports,5,48.44,130.15,242.2
T00699,2025-07-24,6:37:00 AM,C2305,Male,42,Electronics,5,69.16,262.04,345.8
T00700,2025-01-22,3:28:00 AM,C6375,Male,19,Books,2,387.54,695.32,775.08
T00701,2025-12-25,2:57:00 AM,C1114,Female,52,Electronics,5,356.98,1397.39,1784.9
T00702,2025-07-28,7:25:00 AM,C1242,Male,24,Sports,4,145.67,342.38,582.68
T00703,2025-11-23,9:46:00 PM,C2883,Female,58,Toys,10,295.73,2067.88,2957.3
T00704,2025-09-23,11:42:00 PM,C2795,Female,62,Clothing,5,413.29,1419.84,2066.45
T00705,2025-11-20,5:10:00 AM,C7807,Female,39,Books,4,55.02,173.36,220.08
T00706,2025-08-31,6:36:00 PM,C1231,Male,60,Toys,8,411.88,2779.36,3295.04
T00707,2025-08-26,8:18:00 PM,C6239,Female,23,Sports,1,419.94,345.76,419.94
T00708,2025-09-15,10:09:00 AM,C6310,Female,31,Books,10,439.6,3947.23,4396
T00709,2025-08-21,7:36:00 PM,C4063,Male,21,Clothing,8,75.74,430.18,605.92
T00710,2025-12-17,8:00:00 AM,C6885,Male,47,Electronics,6,375.64,1160.45,2253.84
T00711,2025-10-05,8:26:00 PM,C6401,Female,61,Beauty,8,179.69,923.65,1437.52
T00712,2025-07-21,4:30:00 AM,C4249,Female,32,Grocery,2,454.62,482.08,909.24
T00713,2025-06-06,8:02:00 AM,C2281,Female,27,Grocery,4,273.51,805.9,1094.04
T00714,2025-05-13,10:55:00 PM,C1778,Male,57,Grocery,7,178.85,706.73,1251.95
T00715,2025-04-08,5:13:00 AM,C7936,Male,53,Electronics,3,327.08,657.57,981.24
T00716,2025-03-10,11:16:00 AM,C8514,Female,64,Clothing,2,311.36,386.34,622.72
T00717,2025-02-27,1:35:00 PM,C1997,Female,35,Books,8,153.4,738.27,1227.2
T00718,2025-10-11,10:20:00 PM,C6707,Male,61,Beauty,7,136.84,718.06,957.88
T00719,2025-12-28,1:28:00 PM,C9606,Male,43,Toys,8,145.08,966.19,1160.64
T00720,2025-12-26,1:58:00 AM,C2772,Female,49,Sports,7,349.91,1889.7,2449.37
T00721,2025-11-15,5:03:00 PM,C7743,Male,30,Books,5,432.08,1140.84,2160.4
T00722,2025-09-16,2:41:00 AM,C8753,Male,63,Clothing,8,467.99,3248.51,3743.92
T00723,2025-05-30,11:02:00 PM,C3141,Female,52,Toys,4,417.64,1466.4,1670.56
T00724,2025-09-03,8:34:00 PM,C9088,Female,53,Clothing,9,54.55,389.58,490.95
T00725,2025-10-28,9:54:00 PM,C2612,Female,54,Toys,6,108.01,535.77,648.06
T00726,2025-06-05,12:18:00 AM,C5808,Male,63,Electronics,4,118.19,356.55,472.76
T00727,2025-12-15,1:38:00 PM,C3319,Male,61,Books,2,380.07,466.32,760.14
T00728,2025-05-16,2:36:00 AM,C8014,Female,48,Electronics,2,332.37,356.91,664.74
T00729,2025-11-12,6:05:00 AM,C3887,Male,36,Toys,9,207.92,1159.42,1871.28
T00730,2025-05-01,2:26:00 PM,C2511,Male,31,Home,3,492.07,801.97,1476.21
T00731,2025-03-01,1:17:00 PM,C7060,Male,44,Beauty,2,369.5,550.99,739
T00732,2025-07-27,8:47:00 PM,C3484,Male,19,Sports,3,414.41,723.54,1243.23
T00733,2025-11-15,5:56:00 PM,C3786,Male,55,Beauty,4,172.49,545.6,689.96
T00734,2025-01-03,12:11:00 PM,C1279,Female,20,Books,10,421.95,2137.48,4219.5
T00735,2025-05-09,3:30:00 AM,C8797,Female,25,Toys,3,188.87,465.32,566.61
T00736,2025-01-20,11:05:00 AM,C6246,Female,43,Sports,3,41.14,82.47,123.42
T00737,2025-10-12,6:44:00 AM,C8365,Female,34,Electronics,9,154.96,1057.73,1394.64
T00738,2025-02-10,12:51:00 PM,C6762,Male,38,Home,5,119.97,458.32,599.85
T00739,2025-07-13,2:49:00 AM,C1201,Female,40,Grocery,10,31.98,260.65,319.8
T00740,2025-01-07,1:26:00 AM,C4191,Female,27,Sports,4,116.31,404.82,465.24
T00741,2025-11-24,12:45:00 AM,C6249,Male,62,Beauty,4,153.97,498.97,615.88
T00742,2025-12-15,6:45:00 PM,C5079,Male,30,Home,2,459.23,585.64,918.46
T00743,2025-09-06,10:50:00 PM,C5710,Female,51,Toys,5,463.67,1295.41,2318.35
T00744,2025-10-01,5:43:00 AM,C2856,Male,21,Toys,3,15.9,27.43,47.7
T00745,2025-05-20,3:19:00 PM,C6228,Male,47,Books,7,272.29,1563.49,1906.03
T00746,2025-05-12,10:32:00 PM,C4926,Male,61,Books,4,305.38,1027.15,1221.52
T00747,2025-01-11,5:09:00 AM,C1143,Female,21,Home,2,199.31,204.48,398.62
T00748,2025-05-23,7:45:00 AM,C2429,Male,47,Beauty,1,400.16,239.93,400.16
T00749,2025-08-05,2:59:00 PM,C2303,Male,52,Sports,4,239.97,660.23,959.88
T00750,2025-02-11,8:49:00 PM,C8299,Female,65,Home,10,29.39,178.11,293.9
T00751,2025-05-13,7:57:00 AM,C7894,Male,56,Grocery,6,369.36,1940.75,2216.16
T00752,2025-04-09,3:19:00 AM,C7627,Female,39,Sports,1,144.95,85.21,144.95
T00753,2025-03-16,4:34:00 PM,C4527,Female,64,Beauty,2,408.87,527.29,817.74
T00754,2025-04-26,11:55:00 AM,C4907,Male,35,Clothing,3,254.48,407.61,763.44
T00755,2025-07-14,4:09:00 AM,C6722,Male,20,Electronics,6,331.38,1477,1988.28
T00756,2025-01-31,6:09:00 AM,C6726,Female,41,Toys,6,498.91,2307.56,2993.46
T00757,2025-04-30,4:26:00 PM,C3843,Male,51,Sports,8,184.35,816.7,1474.8
T00758,2025-07-24,5:09:00 AM,C2382,Male,23,Beauty,9,434.68,3286,3912.12
T00759,2025-05-10,12:12:00 AM,C3099,Female,52,Home,4,405.73,1065.7,1622.92
T00760,2025-10-21,3:11:00 AM,C1641,Male,48,Sports,1,309.41,159.91,309.41
T00761,2025-02-06,1:53:00 AM,C8193,Female,50,Grocery,10,79.67,527.53,796.7
T00762,2025-06-09,9:46:00 AM,C1313,Male,47,Clothing,3,332.87,822.91,998.61
T00763,2025-09-19,7:22:00 PM,C1400,Female,51,Books,3,13.57,33.63,40.71
T00764,2025-08-15,10:33:00 PM,C6267,Female,65,Grocery,8,460.89,1876.53,3687.12
T00765,2025-02-01,8:43:00 AM,C4945,Female,20,Grocery,7,419.72,2069.83,2938.04
T00766,2025-11-13,11:43:00 PM,C2912,Female,63,Books,7,363.02,1446.05,2541.14
T00767,2025-11-22,3:18:00 PM,C9380,Male,61,Home,5,227.51,891.24,1137.55
T00768,2025-06-08,9:41:00 AM,C7572,Male,30,Electronics,3,398.52,626.01,1195.56
T00769,2025-06-15,1:52:00 AM,C1590,Female,46,Beauty,2,398.56,625.21,797.12
T00770,2025-12-17,7:20:00 PM,C7800,Female,45,Toys,10,380.42,2200.61,3804.2
T00771,2025-06-19,7:11:00 AM,C2295,Female,37,Clothing,6,263.39,1328.7,1580.34
T00772,2025-01-19,9:17:00 PM,C5392,Female,22,Books,3,372.04,685.12,1116.12
T00773,2025-10-13,1:51:00 PM,C1057,Female,39,Electronics,9,451.43,2291.28,4062.87
T00774,2025-08-27,7:08:00 AM,C3873,Male,65,Sports,7,54.89,297.89,384.23
T00775,2025-03-12,4:32:00 AM,C5597,Female,63,Clothing,9,95.72,523.81,861.48
T00776,2025-07-31,10:18:00 AM,C1621,Male,37,Books,5,293.77,1012.47,1468.85
T00777,2025-04-11,5:46:00 AM,C5602,Female,18,Sports,1,72.5,51.52,72.5
T00778,2025-11-28,12:44:00 AM,C7540,Male,61,Toys,9,269.49,1921.91,2425.41
T00779,2025-06-19,6:15:00 PM,C6476,Male,39,Books,4,125.27,408.01,501.08
T00780,2025-10-31,7:38:00 AM,C3820,Female,40,Clothing,7,289.46,1793.43,2026.22
T00781,2025-01-12,7:27:00 AM,C3413,Male,54,Clothing,7,157.07,835.54,1099.49
T00782,2025-07-29,7:54:00 AM,C4413,Male,41,Beauty,6,483.08,1884.11,2898.48
T00783,2025-09-28,3:56:00 AM,C2426,Male,22,Books,10,159.75,831.13,1597.5
T00784,2025-10-01,6:57:00 PM,C8334,Male,51,Clothing,10,464.98,3256.37,4649.8
T00785,2025-09-16,4:20:00 AM,C2996,Male,50,Home,2,211.58,326.57,423.16
T00786,2025-06-19,9:47:00 AM,C1937,Male,60,Beauty,6,320.23,1663.91,1921.38
T00787,2025-12-07,1:29:00 AM,C6958,Female,44,Toys,1,149.73,99.3,149.73
T00788,2025-10-19,5:43:00 AM,C2231,Female,22,Books,9,316.43,1591.36,2847.87
T00789,2025-09-13,11:37:00 AM,C8281,Female,21,Books,5,351.92,904.57,1759.6
T00790,2025-09-24,2:41:00 PM,C8063,Male,23,Beauty,10,482.93,4323.27,4829.3
T00791,2025-01-26,3:51:00 AM,C3766,Female,46,Home,9,301.88,1948.95,2716.92
T00792,2025-11-27,2:00:00 PM,C9371,Female,28,Toys,9,347.52,2487.06,3127.68
T00793,2025-06-18,6:59:00 AM,C2284,Male,46,Grocery,10,20.43,175.63,204.3
T00794,2025-08-17,11:34:00 PM,C3135,Male,29,Clothing,10,90.4,592.67,904
T00795,2025-01-15,5:38:00 AM,C1475,Female,25,Home,8,318.1,1907.71,2544.8
T00796,2025-08-02,12:14:00 AM,C7957,Female,58,Home,10,57.55,513.67,575.5
T00797,2025-01-09,4:52:00 AM,C4287,Male,53,Grocery,6,443.72,1353.51,2662.32
T00798,2025-01-07,12:51:00 AM,C5214,Male,32,Beauty,5,462.13,1904.22,2310.65
T00799,2025-11-12,6:10:00 AM,C7807,Female,37,Beauty,6,184.52,584.55,1107.12
T00800,2025-01-23,9:38:00 AM,C7958,Female,63,Home,9,6.75,37.6,60.75
T00801,2025-12-11,10:49:00 PM,C6075,Female,48,Grocery,10,211.9,1555.92,2119
T00802,2025-05-15,9:53:00 AM,C6717,Female,53,Toys,4,366.46,1293.57,1465.84
T00803,2025-07-06,5:05:00 AM,C1252,Female,56,Electronics,1,296.93,258.83,296.93
T00804,2025-11-21,7:00:00 AM,C1618,Male,18,Grocery,2,332.93,399.58,665.86
T00805,2025-08-26,8:16:00 AM,C8388,Male,50,Toys,10,494.5,2557.55,4945
T00806,2025-04-13,1:31:00 PM,C9762,Female,58,Beauty,4,367.17,801.93,1468.68
T00807,2025-12-07,8:58:00 PM,C3715,Male,28,Beauty,7,95.83,384.53,670.81
T00808,2025-07-16,2:08:00 PM,C3770,Male,45,Clothing,8,353.31,1455.17,2826.48
T00809,2025-04-27,4:30:00 AM,C5008,Female,53,Home,5,186.82,803.85,934.1
T00810,2025-03-27,2:25:00 PM,C4056,Male,34,Grocery,4,257.12,684.7,1028.48
T00811,2025-09-13,11:06:00 PM,C2958,Male,38,Toys,1,189.14,151.57,189.14
T00812,2025-03-09,4:21:00 AM,C1117,Female,20,Home,2,15.6,23,31.2
T00813,2025-04-27,11:08:00 PM,C2302,Female,44,Books,9,47.02,239.33,423.18
T00814,2025-10-21,2:11:00 PM,C7089,Male,54,Toys,7,365.56,1544.1,2558.92
T00815,2025-11-08,1:01:00 AM,C7006,Female,46,Beauty,5,384.41,1443.9,1922.05
T00816,2025-06-22,4:46:00 PM,C1260,Female,21,Clothing,10,34.03,283.37,340.3
T00817,2025-06-17,2:54:00 AM,C4764,Male,45,Sports,9,455.24,2216.49,4097.16
T00818,2025-12-07,12:06:00 AM,C9575,Male,56,Beauty,6,97.77,423.16,586.62
T00819,2025-08-08,5:13:00 AM,C7532,Female,36,Clothing,4,330.47,917.88,1321.88
T00820,2025-06-26,4:37:00 PM,C9082,Female,38,Clothing,2,119.47,212.83,238.94
T00821,2025-03-02,6:46:00 AM,C7441,Male,26,Home,7,404.33,1859.1,2830.31
T00822,2025-08-01,6:16:00 AM,C6829,Female,44,Home,6,299.4,1240.08,1796.4
T00823,2025-12-09,12:47:00 PM,C9531,Female,39,Electronics,7,260.57,1620.73,1823.99
T00824,2025-02-09,8:21:00 PM,C8491,Female,25,Electronics,1,385.76,305.99,385.76
T00825,2025-11-11,3:40:00 AM,C4441,Female,27,Toys,9,47.36,256.08,426.24
T00826,2025-11-13,8:46:00 PM,C8188,Female,20,Books,7,198.35,970.99,1388.45
T00827,2025-11-30,8:32:00 PM,C9397,Male,35,Home,4,450.11,1358.84,1800.44
T00828,2025-02-12,8:35:00 PM,C8784,Male,63,Toys,8,222.93,1166.18,1783.44
T00829,2025-02-25,6:20:00 AM,C9030,Female,53,Electronics,1,186.33,94.13,186.33
T00830,2025-08-19,1:44:00 AM,C6374,Female,31,Sports,2,74.15,108.12,148.3
T00831,2025-08-22,11:06:00 AM,C7958,Male,57,Electronics,2,406.32,448.08,812.64
T00832,2025-07-03,7:11:00 PM,C2558,Male,32,Toys,5,16.85,65.28,84.25
T00833,2025-05-22,4:23:00 AM,C6223,Male,18,Grocery,8,343.42,1863.18,2747.36
T00834,2025-03-02,3:26:00 PM,C5375,Male,27,Electronics,7,473.88,1752.23,3317.16
T00835,2025-01-27,5:39:00 AM,C8620,Female,27,Beauty,2,497.68,750.33,995.36
T00836,2025-10-30,7:38:00 PM,C9498,Male,55,Books,9,327.8,2305.31,2950.2
T00837,2025-09-14,11:11:00 PM,C9965,Male,22,Electronics,6,24.57,91.92,147.42
T00838,2025-03-02,7:47:00 AM,C5689,Male,46,Books,9,393.67,2218.28,3543.03
T00839,2025-11-29,1:59:00 AM,C4292,Male,20,Sports,4,457,944.16,1828
T00840,2025-09-15,8:16:00 AM,C3645,Male,49,Home,10,404.28,3408.63,4042.8
T00841,2025-03-21,4:12:00 PM,C2949,Female,36,Grocery,7,490.68,2783.99,3434.76
T00842,2025-07-05,5:09:00 PM,C9567,Female,45,Beauty,8,68.03,475.94,544.24
T00843,2025-11-22,2:34:00 PM,C9053,Female,31,Clothing,7,315.15,1275.35,2206.05
T00844,2025-06-17,5:26:00 AM,C4961,Male,18,Toys,9,452.34,3326.86,4071.06
T00845,2025-05-05,4:26:00 PM,C9545,Female,54,Home,9,473.92,3182.22,4265.28
T00846,2025-12-01,12:46:00 AM,C6145,Male,42,Sports,9,108.49,687.9,976.41
T00847,2025-12-27,2:26:00 PM,C1847,Female,62,Books,7,451.84,1699.07,3162.88
T00848,2025-02-15,4:59:00 PM,C5170,Female,59,Sports,2,321.08,490.36,642.16
T00849,2025-02-09,7:25:00 AM,C3069,Female,58,Grocery,1,335.11,224.35,335.11
T00850,2025-02-08,4:44:00 PM,C5265,Female,30,Electronics,1,26.79,22,26.79
T00851,2025-03-13,9:18:00 AM,C2595,Female,59,Clothing,1,448.07,227.9,448.07
T00852,2025-05-08,10:28:00 AM,C6566,Female,58,Home,8,255.82,1104.93,2046.56
T00853,2025-10-12,1:11:00 AM,C4714,Male,38,Electronics,6,78.36,308.31,470.16
T00854,2025-10-25,5:43:00 PM,C2021,Male,22,Toys,8,71.34,298.25,570.72
T00855,2025-07-02,6:21:00 PM,C8607,Female,64,Toys,7,343.68,1261.63,2405.76
T00856,2025-08-29,1:05:00 AM,C7560,Female,44,Grocery,3,214.52,445.62,643.56
T00857,2025-12-03,11:39:00 AM,C9508,Male,23,Electronics,2,350.29,612.12,700.58
T00858,2025-04-26,10:20:00 AM,C7988,Female,54,Beauty,7,383.16,2264.86,2682.12
T00859,2025-07-12,5:48:00 PM,C9515,Female,55,Home,7,162.71,575.11,1138.97
T00860,2025-02-25,7:35:00 AM,C9446,Male,56,Home,2,310.96,429.94,621.92
T00861,2025-12-09,8:49:00 AM,C3622,Female,51,Electronics,5,71.32,181.55,356.6
T00862,2025-12-22,11:02:00 AM,C8522,Male,56,Books,8,263.3,1758.24,2106.4
T00863,2025-03-20,4:13:00 AM,C8027,Male,38,Toys,10,396.45,2251.91,3964.5
T00864,2025-11-13,11:48:00 AM,C7563,Male,32,Grocery,10,253.78,2045.16,2537.8
T00865,2025-06-01,3:29:00 AM,C2418,Male,26,Electronics,2,454.25,757.63,908.5
T00866,2025-10-19,10:24:00 PM,C8733,Female,25,Home,4,190.67,670.26,762.68
T00867,2025-12-12,1:59:00 AM,C6262,Female,18,Books,10,408.17,3543.32,4081.7
T00868,2025-03-27,12:27:00 PM,C9600,Male,32,Beauty,6,363.34,1431.8,2180.04
T00869,2025-01-15,8:23:00 PM,C4607,Male,25,Home,3,385.45,703.79,1156.35
T00870,2025-09-24,4:09:00 AM,C3104,Female,60,Toys,4,489.19,1081.95,1956.76
T00871,2025-02-22,5:52:00 AM,C9502,Female,44,Toys,10,276.95,2395.53,2769.5
T00872,2025-02-02,9:00:00 AM,C9412,Male,59,Sports,7,127.33,788.08,891.31
T00873,2025-05-26,8:16:00 AM,C4638,Male,39,Home,4,257.45,661.85,1029.8
T00874,2025-05-26,4:50:00 AM,C9972,Female,34,Beauty,3,342.37,525.61,1027.11
T00875,2025-01-14,8:16:00 AM,C4627,Male,33,Sports,5,498.34,1868.19,2491.7
T00876,2025-03-13,8:19:00 PM,C4986,Female,29,Sports,9,316.39,1501.19,2847.51
T00877,2025-09-30,12:22:00 PM,C5279,Male,38,Beauty,4,461.56,1603.37,1846.24
T00878,2025-09-13,1:22:00 PM,C3560,Female,32,Sports,2,315.4,339.37,630.8
T00879,2025-02-14,2:59:00 AM,C2406,Female,40,Books,8,438.16,3093.38,3505.28
T00880,2025-09-18,9:13:00 PM,C2857,Male,27,Grocery,2,93.2,112.64,186.4
T00881,2025-04-24,3:23:00 PM,C3936,Male,58,Beauty,6,105.18,338.07,631.08
T00882,2025-03-25,8:29:00 AM,C2155,Female,29,Sports,8,302.8,1957.34,2422.4
T00883,2025-06-04,8:48:00 PM,C9889,Male,43,Clothing,9,114.94,870.29,1034.46
T00884,2025-12-02,3:03:00 PM,C3678,Male,19,Home,2,448.19,802.83,896.38
T00885,2025-08-11,6:41:00 PM,C8579,Male,57,Toys,1,458.14,358.36,458.14
T00886,2025-01-31,6:02:00 AM,C5515,Female,23,Home,1,141.27,87.5,141.27
T00887,2025-07-02,6:29:00 PM,C6268,Female,56,Grocery,1,27.03,22.99,27.03
T00888,2025-11-15,8:12:00 AM,C9848,Female,22,Electronics,3,300.12,568.67,900.36
T00889,2025-03-14,2:15:00 AM,C6206,Male,25,Sports,9,404.01,2393.59,3636.09
T00890,2025-11-02,1:54:00 PM,C3850,Female,56,Beauty,6,478.23,1929.1,2869.38
T00891,2025-11-15,6:54:00 PM,C2721,Female,38,Electronics,6,72.07,344.02,432.42
T00892,2025-01-02,10:02:00 AM,C3474,Female,46,Toys,4,72.05,144.36,288.2
T00893,2025-10-23,5:43:00 PM,C2300,Male,49,Books,10,86.91,708.84,869.1
T00894,2025-03-28,2:42:00 AM,C7191,Female,19,Grocery,9,289.28,2238.91,2603.52
T00895,2025-06-02,4:33:00 AM,C2304,Female,42,Sports,5,239.58,679.11,1197.9
T00896,2025-12-20,2:03:00 AM,C7132,Male,41,Toys,10,353.01,2021.05,3530.1
T00897,2025-07-03,5:24:00 AM,C2466,Male,60,Home,4,38.61,118.36,154.44
T00898,2025-01-09,9:15:00 PM,C7636,Female,64,Home,3,136.65,262.2,409.95
T00899,2025-05-17,8:50:00 PM,C6616,Female,59,Home,10,198.59,1607.77,1985.9
T00900,2025-02-24,1:44:00 PM,C7526,Female,18,Toys,1,470.33,422,470.33
T00901,2025-09-11,7:26:00 PM,C3983,Female,35,Beauty,5,296.98,947.36,1484.9
T00902,2025-10-27,2:25:00 AM,C1206,Male,23,Grocery,1,390.26,345.9,390.26
T00903,2025-04-22,4:02:00 PM,C3069,Female,18,Clothing,10,355.79,2239.15,3557.9
T00904,2025-03-25,12:48:00 AM,C3167,Male,18,Beauty,6,102.19,359.44,613.14
T00905,2025-05-03,6:31:00 PM,C4611,Female,18,Beauty,8,354.25,2294.6,2834
T00906,2025-08-26,12:07:00 AM,C8498,Male,63,Clothing,9,128.28,798.42,1154.52
T00907,2025-11-04,2:39:00 PM,C8692,Female,57,Grocery,1,130.99,72.32,130.99
T00908,2025-12-04,8:50:00 AM,C6783,Male,36,Grocery,9,442.43,2491.61,3981.87
T00909,2025-11-01,8:05:00 PM,C1172,Female,33,Grocery,9,115.92,804.53,1043.28
T00910,2025-09-11,3:09:00 PM,C6884,Male,26,Clothing,2,53.45,70.67,106.9
T00911,2025-10-02,5:55:00 AM,C5593,Female,24,Grocery,5,449.72,1580.59,2248.6
T00912,2025-11-15,6:07:00 PM,C2767,Male,26,Electronics,10,301.72,2289.85,3017.2
T00913,2025-06-19,10:08:00 PM,C6411,Male,21,Sports,6,317.16,1413.71,1902.96
T00914,2025-06-02,11:37:00 AM,C8800,Male,39,Toys,5,246.47,941.5,1232.35
T00915,2025-10-03,7:57:00 AM,C8143,Female,58,Grocery,9,414.46,2344.36,3730.14
T00916,2025-11-22,2:32:00 AM,C4378,Male,53,Books,10,86.45,644.33,864.5
T00917,2025-09-05,8:42:00 AM,C6148,Male,61,Sports,2,414.27,684.44,828.54
T00918,2025-11-24,11:59:00 AM,C8741,Male,57,Books,3,153.03,398.56,459.09
T00919,2025-04-13,5:43:00 PM,C7811,Male,38,Clothing,4,27.35,79.48,109.4
T00920,2025-09-03,3:29:00 PM,C6543,Male,26,Home,5,216.06,887.08,1080.3
T00921,2025-12-24,12:37:00 PM,C5407,Female,60,Grocery,1,68.02,50.3,68.02
T00922,2025-07-21,1:13:00 PM,C8057,Female,29,Beauty,6,244.25,764.53,1465.5
T00923,2025-01-12,7:43:00 AM,C3050,Female,35,Clothing,1,92.09,46.47,92.09
T00924,2025-01-02,6:03:00 PM,C5057,Female,19,Beauty,10,64.17,439.93,641.7
T00925,2025-07-15,2:34:00 AM,C2098,Female,23,Clothing,4,413.23,1132.34,1652.92
T00926,2025-10-01,10:50:00 PM,C4334,Male,54,Beauty,2,297.13,429.96,594.26
T00927,2025-03-19,4:55:00 AM,C5757,Female,24,Toys,4,434.55,1462.7,1738.2
T00928,2025-03-22,3:19:00 PM,C9119,Male,47,Clothing,2,228.65,274.63,457.3
T00929,2025-01-01,4:07:00 AM,C3953,Male,28,Toys,5,431.27,1891.16,2156.35
T00930,2025-04-30,2:34:00 PM,C6248,Female,19,Books,10,247.32,1417.36,2473.2
T00931,2025-01-22,1:31:00 AM,C8828,Female,48,Books,2,55.39,78.76,110.78
T00932,2025-05-27,4:44:00 AM,C9468,Female,23,Clothing,6,56.57,187.27,339.42
T00933,2025-01-03,5:54:00 AM,C2098,Male,19,Grocery,1,215.64,114.98,215.64
T00934,2025-10-20,2:53:00 AM,C3021,Female,25,Toys,5,466.98,1698.49,2334.9
T00935,2025-07-11,9:24:00 PM,C9895,Female,26,Books,8,133.95,653.32,1071.6
T00936,2025-01-06,10:00:00 PM,C8470,Female,46,Grocery,9,457.78,3539.44,4120.02
T00937,2025-05-25,8:43:00 PM,C4918,Male,36,Grocery,5,166.14,536.22,830.7
T00938,2025-01-20,12:16:00 AM,C6604,Female,58,Toys,5,314.7,910.08,1573.5
T00939,2025-12-20,3:23:00 PM,C1593,Male,24,Clothing,8,369.6,1504.56,2956.8
T00940,2025-08-13,5:01:00 AM,C3202,Female,40,Toys,1,311.4,257.27,311.4
T00941,2025-12-08,11:31:00 AM,C6685,Male,41,Electronics,1,64.78,56.74,64.78
T00942,2025-10-09,9:22:00 PM,C4508,Male,29,Sports,7,267.19,1665.83,1870.33
T00943,2025-08-30,4:50:00 PM,C6468,Male,18,Sports,6,12.12,46.15,72.72
T00944,2025-04-16,6:05:00 AM,C7282,Male,57,Sports,8,477.72,2714.78,3821.76
T00945,2025-01-04,11:41:00 AM,C3558,Female,22,Books,9,17.33,134.97,155.97
T00946,2025-11-22,9:09:00 AM,C6362,Female,53,Electronics,7,417.29,2125.53,2921.03
T00947,2025-12-07,9:17:00 PM,C2742,Male,32,Sports,10,264.36,1728.14,2643.6
T00948,2025-12-04,8:22:00 AM,C3404,Male,61,Sports,7,111.99,494.9,783.93
T00949,2025-03-16,3:54:00 AM,C5465,Male,61,Electronics,7,28.8,174.88,201.6
T00950,2025-02-06,2:54:00 AM,C5702,Male,60,Sports,3,255.12,629.83,765.36
T00951,2025-10-15,5:29:00 AM,C5800,Female,23,Home,8,292.91,2095.54,2343.28
T00952,2025-04-15,12:30:00 AM,C6275,Female,31,Sports,6,315.98,1561.79,1895.88
T00953,2025-09-11,8:47:00 PM,C1612,Female,54,Books,3,186.91,398.48,560.73
T00954,2025-06-07,9:21:00 PM,C2114,Female,29,Toys,7,327.67,1841.35,2293.69
T00955,2025-04-25,3:09:00 PM,C6058,Male,19,Toys,1,289.91,170.77,289.91
T00956,2025-01-23,3:46:00 PM,C2042,Female,18,Grocery,2,462.6,803.19,925.2
T00957,2025-11-18,6:09:00 PM,C5297,Male,44,Beauty,8,473,2303.25,3784
T00958,2025-08-10,10:28:00 PM,C5133,Male,52,Books,7,18.67,90.08,130.69
T00959,2025-10-22,1:47:00 PM,C1821,Female,29,Clothing,9,328.06,1643.32,2952.54
T00960,2025-11-13,6:12:00 AM,C3208,Male,24,Electronics,7,85.69,433.32,599.83
T00961,2025-06-16,10:53:00 AM,C2798,Male,31,Electronics,3,91.53,236.07,274.59
T00962,2025-12-05,9:27:00 PM,C7457,Male,20,Clothing,1,124.71,90.95,124.71
T00963,2025-10-02,5:09:00 PM,C5657,Male,51,Grocery,2,377.75,560.3,755.5
T00964,2025-04-02,9:44:00 PM,C8476,Female,45,Home,5,46.9,179.52,234.5
T00965,2025-09-24,4:36:00 PM,C4344,Male,55,Beauty,10,132.81,1080.06,1328.1
T00966,2025-12-09,3:00:00 AM,C2006,Female,50,Books,10,78.85,670.94,788.5
T00967,2025-10-21,7:48:00 AM,C4377,Male,60,Books,6,90.53,443.59,543.18
T00968,2025-07-01,10:20:00 AM,C3955,Male,32,Beauty,5,379.82,1253.44,1899.1
T00969,2025-04-08,3:35:00 AM,C7930,Male,49,Grocery,3,376.18,840.79,1128.54
T00970,2025-07-04,5:21:00 PM,C7383,Female,21,Toys,4,100.05,352.67,400.2
T00971,2025-12-06,11:00:00 PM,C3893,Male,47,Beauty,4,40.79,85.14,163.16
T00972,2025-05-16,6:55:00 AM,C5911,Female,34,Home,3,121.09,270.17,363.27
T00973,2025-12-10,3:43:00 AM,C7969,Female,27,Clothing,4,43.88,154.39,175.52
T00974,2025-02-12,1:01:00 PM,C3574,Female,25,Home,10,424.27,3758.62,4242.7
T00975,2025-11-04,1:25:00 AM,C8143,Male,30,Sports,10,327.15,2587.14,3271.5
T00976,2025-05-24,8:35:00 PM,C1674,Female,41,Clothing,7,308.95,1210.53,2162.65
T00977,2025-12-11,7:29:00 PM,C3742,Male,48,Grocery,3,53.58,117.33,160.74
T00978,2025-11-15,8:36:00 PM,C5512,Male,43,Home,10,486.5,3020.12,4865
T00979,2025-01-29,1:34:00 PM,C5050,Female,55,Grocery,10,143.86,1161.04,1438.6
T00980,2025-11-14,4:53:00 AM,C4962,Male,45,Electronics,3,228.85,615.15,686.55
T00981,2025-04-16,2:48:00 AM,C2312,Female,52,Home,10,209.06,1129.32,2090.6
T00982,2025-12-01,9:20:00 AM,C4179,Female,37,Grocery,9,142.53,935.83,1282.77
T00983,2025-07-26,4:17:00 AM,C7056,Male,63,Books,7,373.64,1506.22,2615.48
T00984,2025-03-29,8:23:00 AM,C9013,Female,46,Electronics,2,69.56,119.96,139.12
T00985,2025-02-03,5:14:00 PM,C6141,Female,47,Toys,5,50.61,141.69,253.05
T00986,2025-07-27,11:27:00 AM,C5814,Male,25,Sports,4,26.74,68.74,106.96
T00987,2025-11-10,9:57:00 PM,C3692,Male,29,Clothing,3,369.31,868.86,1107.93
T00988,2025-10-08,4:14:00 AM,C1950,Male,40,Grocery,4,231.06,820.71,924.24
T00989,2025-12-14,11:59:00 PM,C4421,Female,57,Home,10,450.02,2505.86,4500.2
T00990,2025-12-20,3:48:00 PM,C6699,Male,60,Clothing,5,328.27,1438.17,1641.35
T00991,2025-03-16,11:47:00 AM,C8162,Male,47,Electronics,5,80.7,224.46,403.5
T00992,2025-07-04,8:44:00 AM,C4186,Female,38,Electronics,9,447.69,2831.31,4029.21
T00993,2025-12-13,11:30:00 PM,C7787,Male,43,Beauty,10,409.26,2977.77,4092.6
T00994,2025-12-27,4:52:00 PM,C4909,Female,21,Sports,10,305.09,2548.83,3050.9
T00995,2025-06-03,5:43:00 PM,C5787,Female,34,Clothing,10,461.17,4084.18,4611.7
T00996,2025-09-02,11:04:00 AM,C7428,Female,19,Sports,10,46.24,243.61,462.4
T00997,2025-08-21,1:50:00 PM,C3955,Male,26,Books,8,124.48,695.06,995.84
T00998,2025-02-24,1:39:00 AM,C8862,Female,32,Electronics,5,475.55,1444.02,2377.75
T00999,2025-04-14,12:04:00 AM,C1593,Female,25,Books,7,498.48,2351.74,3489.36
T01000,2025-08-12,4:35:00 PM,C8183,Male,48,Clothing,3,26.05,63.71,78.15